player_id,name,slug,position,team,team_id,price,average_score,average_score_rank,total_points,round_points,total_points_rank,form,form_rank,owned_percentage,owned_count,owned_rank,adds,drops,total_players_on_position,has_left_competition,round_player_id,round_starter,fantasy_id,status,fixture_difficulty,event_id,event_start_timestamp,event_start_iso_utc,fixtures_count,next_opponent,next_opponent_id
159665,Mohamed Salah,mohamed-salah,M,Egypt,4758,12.0,7.67,3,23,0.0,3,11.5,2,33.0,46962,2,,5.0,142,False,548489,substitute,68789,,medium,13424960,1767024000,2025-12-29T16:00:00Z,1,Angola,4692
822471,Victor Osimhen,victor-osimhen,F,Nigeria,4785,10.9,4.67,13,14,1.0,11,6.5,6,39.5,56176,1,2.0,3.0,142,False,548433,starter,68769,,easy,13424963,1767110400,2025-12-30T16:00:00Z,1,Uganda,4726
835485,Brahim Díaz,brahim-diaz,M,Morocco,4778,10.6,8.67,3,26,7.0,1,9.5,3,23.9,33957,4,2.0,,245,False,548626,starter,68943,,veryEasy,13424958,1767034800,2025-12-29T19:00:00Z,1,Zambia,4720
873554,Omar Marmoush,omar-marmoush,F,Egypt,4758,10.4,3.33,29,10,0.0,21,5.0,15,22.2,31623,3,1.0,3.0,142,False,548490,substitute,68788,,medium,13424960,1767024000,2025-12-29T16:00:00Z,1,Angola,4692
51498,Pierre-Emerick Aubameyang,pierre-emerick-aubameyang,F,Gabon,4761,10.0,3.5,27,7,,36,3.5,25,6.5,9233,8,,,142,False,548871,True,69062,,hard,13424969,1767207600,2025-12-31T19:00:00Z,1,Côte d'Ivoire,4768
927083,Bryan Mbeumo,bryan-mbeumo,M,Cameroon,4751,9.9,6.0,17,12,,27,6.0,16,25.9,36877,2,2.0,1.0,245,False,548517,True,69091,,easy,13424970,1767207600,2025-12-31T19:00:00Z,1,Mozambique,4783
824200,Ademola Lookman,ademola-lookman,F,Nigeria,4785,9.1,8.33,2,25,0.0,2,12.5,1,11.9,16869,5,2.0,2.0,142,False,548434,substitute,68767,,easy,13424963,1767110400,2025-12-30T16:00:00Z,1,Uganda,4726
1107591,Mohamed Amoura,mohamed-el-amine-amoura,F,Algeria,4691,9.1,4.0,20,8,,26,4.0,17,8.5,12069,6,,5.0,142,False,548573,True,69204,,veryEasy,13424967,1767196800,2025-12-31T16:00:00Z,1,Equatorial Guinea,8032
971037,Amad Diallo,diallo-amad,F,Côte d'Ivoire,4768,8.9,11.0,2,22,,5,11.0,2,24.9,35431,3,5.0,,245,False,548323,True,69001,,easy,13424969,1767207600,2025-12-31T19:00:00Z,1,Gabon,4761
217704,Sadio Mané,sadio-mane,M,Senegal,4739,8.9,7.33,8,22,9.0,6,6.5,14,27.2,38719,1,2.0,1.0,245,False,548654,starter,68623,,veryEasy,13424965,1767121200,2025-12-30T19:00:00Z,1,Benin,4744
352770,Alex Iwobi,alex-iwobi,M,Nigeria,4785,8.7,6.0,14,18,0.0,12,9.0,6,8.0,11413,11,,,245,False,548437,substitute,68757,,easy,13424963,1767110400,2025-12-30T16:00:00Z,1,Uganda,4726
2087085,Yan Diomande,yan-diomande,F,Côte d'Ivoire,4768,8.5,4.5,15,9,,23,4.5,16,3.7,5310,18,1.0,,142,False,548332,True,69011,,easy,13424969,1767207600,2025-12-31T19:00:00Z,1,Gabon,4761
843754,Ibrahim Sangaré,ibrahim-sangare,M,Côte d'Ivoire,4768,8.5,3.5,46,7,,62,3.5,44,2.3,3298,59,,,245,False,548329,True,68994,,easy,13424969,1767207600,2025-12-31T19:00:00Z,1,Gabon,4761
158213,Riyad Mahrez,riyad-mahrez,M,Algeria,4691,8.3,11.5,1,23,,4,11.5,1,20.9,29772,5,,3.0,245,False,548570,True,69203,,veryEasy,13424967,1767196800,2025-12-31T16:00:00Z,1,Equatorial Guinea,8032
814594,Achraf Hakimi,hakimi-achraf,D,Morocco,4778,8.3,0.33,134,1,1.0,129,0.0,135,27.2,38660,2,,3.0,207,False,548627,substitute,68941,,veryEasy,13424958,1767034800,2025-12-29T19:00:00Z,1,Zambia,4720
847030,Noussair Mazraoui,noussair-mazraoui,D,Morocco,4778,8.2,8.33,6,25,8.0,2,8.5,9,11.5,16281,6,1.0,,207,False,548629,starter,68961,,veryEasy,13424958,1767034800,2025-12-29T19:00:00Z,1,Zambia,4720
991421,Azzedine Ounahi,azzedine-ounahi,M,Morocco,4778,8.1,7.33,9,22,12.0,7,5.0,22,9.3,13278,7,,3.0,245,False,548632,starter,68939,,veryEasy,13424958,1767034800,2025-12-29T19:00:00Z,1,Zambia,4720
1063767,Ismael Saibari,ismael-saibari,M,Morocco,4778,8.1,4.33,35,13,5.0,26,4.0,35,3.7,5270,28,,1.0,245,False,548637,starter,68952,,veryEasy,13424958,1767034800,2025-12-29T19:00:00Z,1,Zambia,4720
822470,Samuel Chukwueze,samuel-chukwueze,F,Nigeria,4785,8.0,6.67,5,20,14.0,5,3.0,27,3.6,5072,21,,1.0,142,False,548435,starter,68768,,easy,13424963,1767110400,2025-12-30T16:00:00Z,1,Uganda,4726
218160,Bertrand Traoré,bertrand-traore,F,Burkina Faso,4749,8.0,6.0,9,12,,18,6.0,8,1.8,2546,38,1.0,,142,False,548547,True,69118,,easy,13424968,1767196800,2025-12-31T16:00:00Z,1,Sudan,4734
359226,Franck Kessié,franck-kessie,M,Côte d'Ivoire,4768,8.0,4.0,38,8,,49,4.0,36,8.6,12212,10,1.0,1.0,245,False,548325,True,68992,,easy,13424969,1767207600,2025-12-31T19:00:00Z,1,Gabon,4761
845286,Ismaïla Sarr,ismaila-sarr,F,Senegal,4739,8.0,2.67,40,8,0.0,32,4.0,21,5.7,8091,9,2.0,2.0,142,False,548658,substitute,68626,,veryEasy,13424965,1767121200,2025-12-30T19:00:00Z,1,Benin,4744
295361,Mahmoud Trézéguet,mahmoud-trezeguet,M,Egypt,4758,8.0,2.33,83,7,0.0,70,3.5,53,3.5,4918,30,,2.0,245,False,548493,substitute,68774,,medium,13424960,1767024000,2025-12-29T16:00:00Z,1,Angola,4692
111850,Wilfried Zaha,wilfried-zaha,M,Côte d'Ivoire,4768,8.0,1.0,130,2,,130,1.0,117,3.0,4210,42,,,245,False,548326,True,69042,,easy,13424969,1767207600,2025-12-31T19:00:00Z,1,Gabon,4761
760618,Denis Bouanga,denis-bouanga,F,Gabon,4761,8.0,1.0,65,2,,67,1.0,62,1.0,1421,59,,,142,False,548873,True,69065,,hard,13424969,1767207600,2025-12-31T19:00:00Z,1,Côte d'Ivoire,4768
1126569,Bilal El Khannouss,bilal-el-khannouss,M,Morocco,4778,8.0,0.67,145,2,0.0,140,1.0,128,1.0,1446,121,,,245,False,548635,substitute,68940,,veryEasy,13424958,1767034800,2025-12-29T19:00:00Z,1,Zambia,4720
846470,Youssef En-Nesyri,youssef-en-nesyri,F,Morocco,4778,7.8,2.33,42,7,3.0,33,2.0,42,5.2,7424,11,,2.0,142,False,548631,substitute,68942,,veryEasy,13424958,1767034800,2025-12-29T19:00:00Z,1,Zambia,4720
1085381,Nicolas Jackson,nicolas-jackson,F,Senegal,4739,7.7,5.33,11,16,0.0,9,8.0,4,13.6,19363,4,4.0,1.0,142,False,548655,substitute,68628,,veryEasy,13424965,1767121200,2025-12-30T19:00:00Z,1,Benin,4744
919793,Ayoub El Kaabi,ayoub-el-kaabi,F,Morocco,4778,7.6,6.33,7,19,12.0,6,3.5,22,3.9,5489,16,2.0,1.0,142,False,548639,starter,68947,,veryEasy,13424958,1767034800,2025-12-29T19:00:00Z,1,Zambia,4720
1106451,Dango Ouattara,dango-ouattara,F,Burkina Faso,4749,7.5,6.5,6,13,,13,6.5,5,2.9,4095,22,,,142,False,548545,True,69119,,easy,13424968,1767196800,2025-12-31T16:00:00Z,1,Sudan,4734
877102,Nayef Aguerd,nayef-aguerd,D,Morocco,4778,7.5,6.33,16,19,10.0,7,4.5,46,8.0,11420,15,,1.0,207,False,548634,starter,68949,,veryEasy,13424958,1767034800,2025-12-29T19:00:00Z,1,Zambia,4720
883262,Edmond Tapsoba,edmond-tapsoba,D,Burkina Faso,4749,7.5,6.0,20,12,,34,6.0,22,9.7,13855,10,,,207,False,548546,True,69105,,easy,13424968,1767196800,2025-12-31T16:00:00Z,1,Sudan,4734
848287,Evan Ndicka,evan-ndicka,D,Côte d'Ivoire,4768,7.5,6.0,23,12,,42,6.0,25,6.1,8616,23,1.0,,207,False,548330,True,69004,,easy,13424969,1767207600,2025-12-31T19:00:00Z,1,Gabon,4761
1064697,Mamadou Sangare,mamadou-sangare,M,Mali,4831,7.5,5.67,20,17,7.0,17,5.0,23,1.3,1867,98,1.0,,245,False,548416,starter,68908,,easy,13424959,1767034800,2025-12-29T19:00:00Z,1,Comoros,23494
1391541,Ngal'ayel Mukau,ngalayel-mukau,M,DR Congo,4823,7.5,3.67,42,11,7.0,31,2.0,79,0.5,753,151,,,245,False,548830,starter,68591,,veryEasy,13424966,1767121200,2025-12-30T19:00:00Z,1,Botswana,4747
1590918,Ibrahim Mbaye,ibrahim-mbaye,F,Senegal,4739,7.5,3.0,31,9,5.0,24,2.0,41,1.4,1930,48,,,142,False,548660,substitute,68627,,veryEasy,13424965,1767121200,2025-12-30T19:00:00Z,1,Benin,4744
1156353,Kamory Doumbia,kamory-doumbia,M,Mali,4831,7.5,2.67,68,8,6.0,57,1.0,109,1.4,1986,89,,1.0,245,False,548410,starter,68935,,easy,13424959,1767034800,2025-12-29T19:00:00Z,1,Comoros,23494
1128530,Neil El Aynaoui,neil-el-aynaoui,M,Morocco,4778,7.5,2.67,65,8,5.0,53,1.5,93,1.0,1414,123,,,245,False,548645,starter,68954,,veryEasy,13424958,1767034800,2025-12-29T19:00:00Z,1,Zambia,4720
1013699,Marwan Attia,attia-marwan,M,Egypt,4758,7.5,2.67,69,8,0.0,59,4.0,41,0.7,1032,138,,,245,False,548496,substitute,68787,,medium,13424960,1767024000,2025-12-29T16:00:00Z,1,Angola,4692
1171539,Noah Sadiki,noah-sadiki,M,DR Congo,4823,7.5,2.33,82,7,1.0,67,3.0,63,3.7,5323,27,,,245,False,548826,substitute,68588,,veryEasy,13424966,1767121200,2025-12-30T19:00:00Z,1,Botswana,4747
1389846,Lamine Camara,camara-lamine,M,Senegal,4739,7.5,1.67,103,5,2.0,100,1.5,96,2.3,3260,61,,2.0,245,False,548661,starter,68620,,veryEasy,13424965,1767121200,2025-12-30T19:00:00Z,1,Benin,4744
191188,Seko Fofana,seko-fofana,M,Côte d'Ivoire,4768,7.5,1.5,107,3,,122,1.5,100,3.2,4610,35,,1.0,245,False,548327,True,69006,,easy,13424969,1767207600,2025-12-31T19:00:00Z,1,Gabon,4761
911719,Lassina Traoré,lassina-traore,F,Burkina Faso,4749,7.5,0.5,75,1,,75,0.5,70,0.5,755,86,,,142,False,548553,True,69124,,easy,13424968,1767196800,2025-12-31T16:00:00Z,1,Sudan,4734
2029648,Christian Kofane,christian-kofane,F,Cameroon,4751,7.5,0.5,83,1,,91,0.5,78,0.5,726,88,,,142,False,548520,True,69098,,easy,13424970,1767207600,2025-12-31T19:00:00Z,1,Mozambique,4783
1568123,Bazoumana Touré,bazoumana-toure,M,Côte d'Ivoire,4768,7.5,0.0,191,0,,191,0.0,191,0.7,988,140,,,245,False,548340,True,69007,,easy,13424969,1767207600,2025-12-31T19:00:00Z,1,Gabon,4761
547494,Zizo,zizo,M,Egypt,4758,7.4,2.67,63,8,4.0,51,2.0,80,3.4,4868,31,,1.0,245,False,548492,substitute,68776,,medium,13424960,1767024000,2025-12-29T16:00:00Z,1,Angola,4692
1001140,Geny Catamo,geny-catamo,M,Mozambique,4783,7.1,8.0,6,16,,19,8.0,8,1.0,1482,118,,,245,False,548710,True,69038,,hard,13424970,1767207600,2025-12-31T19:00:00Z,1,Cameroon,4751
914309,Iliman Ndiaye,iliman-ndiaye,M,Senegal,4739,7.1,3.0,57,9,3.0,45,3.0,57,15.3,21811,6,,2.0,245,False,548656,starter,68625,,veryEasy,13424965,1767121200,2025-12-30T19:00:00Z,1,Benin,4744
931278,Rayan Aït-Nouri,rayan-ait-nouri,M,Algeria,4691,7.0,9.0,2,18,,9,9.0,3,17.3,24551,3,,,207,False,548571,True,69188,,veryEasy,13424967,1767196800,2025-12-31T16:00:00Z,1,Equatorial Guinea,8032
577726,Ramy Bensebaini,ramy-bensebaini,D,Algeria,4691,7.0,9.0,4,18,,13,9.0,5,10.6,14995,9,1.0,,207,False,548574,True,69183,,veryEasy,13424967,1767196800,2025-12-31T16:00:00Z,1,Equatorial Guinea,8032
1407524,Ibrahim Maza,maza-ibrahim,M,Algeria,4691,7.0,7.5,7,15,,21,7.5,11,5.0,7081,20,1.0,,245,False,548575,True,69198,,veryEasy,13424967,1767196800,2025-12-31T16:00:00Z,1,Equatorial Guinea,8032
973437,Odilon Kossounou,odilon-kossounou,D,Côte d'Ivoire,4768,7.0,7.0,11,14,,24,7.0,17,3.1,4435,47,,,207,False,548328,True,68996,,easy,13424969,1767207600,2025-12-31T19:00:00Z,1,Gabon,4761
861972,Calvin Bassey,calvin-bassey,D,Nigeria,4785,7.0,4.0,47,12,1.0,33,5.5,34,9.4,13363,11,,1.0,207,False,548439,starter,68749,,easy,13424963,1767110400,2025-12-30T16:00:00Z,1,Uganda,4726
823733,Ismaël Bennacer,ismael-bennacer,M,Algeria,4691,7.0,4.0,40,8,,58,4.0,38,3.4,4860,32,,,245,False,548572,True,69193,,veryEasy,13424967,1767196800,2025-12-31T16:00:00Z,1,Equatorial Guinea,8032
785926,Baghdad Bounedjah,baghdad-bounedjah,F,Algeria,4691,7.0,4.0,21,8,,30,4.0,18,2.1,3009,36,1.0,,142,False,548582,True,69205,,veryEasy,13424967,1767196800,2025-12-31T16:00:00Z,1,Equatorial Guinea,8032
918913,Hamdy Fathy,hamdi-fathi,M,Egypt,4758,7.0,4.0,36,12,1.0,28,5.5,20,0.6,855,144,,,245,False,548501,substitute,68793,,medium,13424960,1767024000,2025-12-29T16:00:00Z,1,Angola,4692
863653,Aaron Wan-Bissaka,aaron-wan-bissaka,D,DR Congo,4823,7.0,3.67,60,11,0.0,46,5.5,35,14.9,21189,4,,,207,False,548824,substitute,68582,,veryEasy,13424966,1767121200,2025-12-30T19:00:00Z,1,Botswana,4747
1199043,Carlos Baleba,baleba-carlos,M,Cameroon,4751,7.0,3.5,47,7,,63,3.5,45,4.6,6546,22,,,245,False,548518,True,69076,,easy,13424970,1767207600,2025-12-31T19:00:00Z,1,Mozambique,4783
873551,Mostafa Mohamed,mostafa-mohamed,F,Egypt,4758,7.0,2.67,39,8,3.0,29,2.5,36,2.5,3526,32,,,142,False,548494,starter,68801,,medium,13424960,1767024000,2025-12-29T16:00:00Z,1,Angola,4692
307284,Mario Lemina,mario-lemina,M,Gabon,4761,7.0,2.5,74,5,,88,2.5,70,1.8,2495,70,,1.0,245,False,548872,True,69057,,hard,13424969,1767207600,2025-12-31T19:00:00Z,1,Côte d'Ivoire,4768
879694,Pape Gueye,pape-gueye,M,Senegal,4739,7.0,2.0,87,6,0.0,77,3.0,64,2.2,3091,67,,,245,False,548664,substitute,68615,,veryEasy,13424965,1767121200,2025-12-30T19:00:00Z,1,Benin,4744
115665,Cédric Bakambu,cedric-bakambu,F,DR Congo,4823,7.0,1.67,53,5,0.0,50,2.5,38,4.1,5833,15,1.0,,142,False,548820,substitute,68600,,veryEasy,13424966,1767121200,2025-12-30T19:00:00Z,1,Botswana,4747
1218066,Anis Hadj Moussa,anis-hadj-moussa,F,Algeria,4691,7.0,1.0,67,2,,69,1.0,64,1.3,1838,49,,,142,False,548577,True,69201,,veryEasy,13424967,1767196800,2025-12-31T16:00:00Z,1,Equatorial Guinea,8032
1394353,Eliesse Ben Seghir,eliesse-ben-seghir,M,Morocco,4778,7.0,0.33,164,1,0.0,155,0.5,151,1.5,2134,82,,,245,False,548636,substitute,68946,,veryEasy,13424958,1767034800,2025-12-29T19:00:00Z,1,Zambia,4720
841943,Mostafa Fathy,mostafa-fathy,M,Egypt,4758,7.0,0.33,178,1,1.0,178,0.0,178,0.3,490,178,,,245,False,548510,substitute,68775,,medium,13424960,1767024000,2025-12-29T16:00:00Z,1,Angola,4692
1394342,Ousmane Diomande,diomande-ousmane,D,Côte d'Ivoire,4768,7.0,0.0,171,0,,171,0.0,171,3.3,4747,42,1.0,,207,False,548334,True,69014,,easy,13424969,1767207600,2025-12-31T19:00:00Z,1,Gabon,4761
1101702,Mario Stroeykens,mario-stroeykens,M,DR Congo,4823,7.0,0.0,194,0,,194,0.0,194,0.4,562,168,,,245,False,548840,True,68592,,veryEasy,13424966,1767121200,2025-12-30T19:00:00Z,1,Botswana,4747
982615,El Bilal Touré,el-bilal-toure,F,Mali,4831,7.0,-0.33,140,-1,0.0,140,-0.5,141,0.8,1181,68,,,142,False,548408,substitute,68927,,easy,13424959,1767034800,2025-12-29T19:00:00Z,1,Comoros,23494
1011375,Abdessamad Ezzalzouli,abdessamad-ezzalzouli,M,Morocco,4778,6.9,4.33,32,13,10.0,23,1.5,91,3.3,4716,34,,1.0,245,False,548630,starter,68950,,veryEasy,13424958,1767034800,2025-12-29T19:00:00Z,1,Zambia,4720
901907,Lyle Foster,foster-lyle,F,South Africa,4736,6.7,8.33,1,25,13.0,1,6.0,7,6.9,9847,7,9.0,1.0,142,False,548849,starter,68848,,easy,13424961,1767024000,2025-12-29T16:00:00Z,1,Zimbabwe,4719
1009386,Hannibal Mejbri,hannibal-mejbri,M,Tunisia,4729,6.6,8.0,5,24,5.0,3,9.5,4,7.9,11275,12,2.0,,245,False,548378,starter,68679,,veryEasy,13424964,1767110400,2025-12-30T16:00:00Z,1,Tanzania,4835
787885,Wilfred Ndidi,wilfred-ndidi,M,Nigeria,4785,6.6,6.0,15,18,0.0,13,9.0,7,4.3,6054,24,2.0,,245,False,548438,substitute,68759,,easy,13424963,1767110400,2025-12-30T16:00:00Z,1,Uganda,4726
295339,Rami Rabia,rami-rabia,D,Egypt,4758,6.6,3.67,64,11,0.0,51,5.5,36,3.0,4221,49,,,207,False,548502,substitute,68790,,medium,13424960,1767024000,2025-12-29T16:00:00Z,1,Angola,4692
919027,Ali Abdi,ali-abdi,M,Tunisia,4729,6.5,9.0,1,27,6.0,1,10.5,1,8.6,12248,13,5.0,,207,False,548383,starter,68672,,veryEasy,13424964,1767110400,2025-12-30T16:00:00Z,1,Tanzania,4835
238612,Chancel Mbemba,chancel-mbemba,D,DR Congo,4823,6.5,8.0,7,24,8.0,3,8.0,11,13.1,18610,5,1.0,1.0,207,False,548821,starter,68584,,veryEasy,13424966,1767121200,2025-12-30T19:00:00Z,1,Botswana,4747
927005,Lassine Sinayoko,sinayoko-lassine,F,Mali,4831,6.5,6.67,4,20,4.0,4,8.0,3,3.7,5264,19,6.0,,142,False,548414,starter,68918,,easy,13424959,1767034800,2025-12-29T19:00:00Z,1,Comoros,23494
106337,Idrissa Gueye,idrissa-gueye,M,Senegal,4739,6.5,6.0,16,18,6.0,14,6.0,15,5.4,7654,18,3.0,,245,False,548663,starter,68618,,veryEasy,13424965,1767121200,2025-12-30T19:00:00Z,1,Benin,4744
758168,Moussa Niakhaté,moussa-niakhate,D,Senegal,4739,6.5,6.0,24,12,,44,6.0,26,5.3,7560,31,,,207,False,548669,True,68608,,veryEasy,13424965,1767121200,2025-12-30T19:00:00Z,1,Benin,4744
879618,Montassar Talbi,montassar-talbi,D,Tunisia,4729,6.5,4.67,40,14,4.0,27,5.0,40,4.4,6231,39,,,207,False,548385,starter,68667,,veryEasy,13424964,1767110400,2025-12-30T16:00:00Z,1,Tanzania,4835
985923,Hicham Boudaoui,hicham-boudaoui,M,Algeria,4691,6.5,4.5,29,9,,44,4.5,29,1.5,2115,83,,,245,False,548579,True,69195,,veryEasy,13424967,1767196800,2025-12-31T16:00:00Z,1,Equatorial Guinea,8032
1393673,Etta Eyong,etta-eyong,F,Cameroon,4751,6.5,4.0,22,8,,31,4.0,19,3.6,5112,20,,1.0,142,False,548519,True,69099,,easy,13424970,1767207600,2025-12-31T19:00:00Z,1,Mozambique,4783
1102788,Dorgeles Nene,nene-dorgeles,F,Mali,4831,6.5,3.67,24,11,5.0,19,3.0,30,1.6,2213,41,,,142,False,548407,starter,68910,,easy,13424959,1767034800,2025-12-29T19:00:00Z,1,Comoros,23494
1113488,Ismael Gharbi,gharbi-ismael,M,Tunisia,4729,6.5,3.67,43,11,10.0,33,0.5,131,1.4,2049,85,,,245,False,548380,starter,68678,,veryEasy,13424964,1767110400,2025-12-30T16:00:00Z,1,Tanzania,4835
1090374,Kialonda Gaspar,kialonda-gaspar,D,Angola,4692,6.5,3.0,78,9,8.0,70,0.5,100,2.3,3290,63,,,207,False,548691,starter,68816,,medium,13424960,1767024000,2025-12-29T16:00:00Z,1,Egypt,4758
152813,Clinton Mata,clinton-mata,D,Angola,4692,6.5,2.67,85,8,0.0,80,4.0,63,2.7,3834,56,,1.0,207,False,548692,substitute,68817,,medium,13424960,1767024000,2025-12-29T16:00:00Z,1,Egypt,4758
330051,Moses Simon,moses-simon,F,Nigeria,4785,6.5,2.67,37,8,6.0,27,1.0,56,1.4,1988,46,,,142,False,548441,starter,68770,,easy,13424963,1767110400,2025-12-30T16:00:00Z,1,Uganda,4726
1465307,Arthur Avom Ebong,ebong-arthur-avom,M,Cameroon,4751,6.5,2.5,71,5,,84,2.5,68,1.1,1501,115,,,245,False,548526,True,69084,,easy,13424970,1767207600,2025-12-31T19:00:00Z,1,Mozambique,4783
359272,Sofyan Amrabat,sofyan-amrabat,M,Morocco,4778,6.5,2.33,84,7,0.0,71,3.5,54,4.6,6485,23,1.0,,245,False,548633,substitute,68938,,veryEasy,13424958,1767034800,2025-12-29T19:00:00Z,1,Zambia,4720
332537,Ferjani Sassi,ferjani-sassi,M,Tunisia,4729,6.5,2.0,90,6,2.0,80,2.0,82,1.5,2202,78,,,245,False,548391,substitute,68674,,veryEasy,13424964,1767110400,2025-12-30T16:00:00Z,1,Tanzania,4835
862078,Meschack Elia,meschack-elia,F,DR Congo,4823,6.5,2.0,45,6,2.0,40,2.0,43,1.2,1667,52,,,142,False,548823,starter,68578,,veryEasy,13424966,1767121200,2025-12-30T19:00:00Z,1,Botswana,4747
966891,Mohamed Ali Ben Romdhane,ben-romdhane-mohamed-ali,M,Tunisia,4729,6.5,1.67,93,5,1.0,86,2.0,83,2.2,3123,66,,,245,False,548379,substitute,68681,,veryEasy,13424964,1767110400,2025-12-30T16:00:00Z,1,Tanzania,4835
1008171,Ibrahim Adel,ibrahim-adel,M,Egypt,4758,6.5,1.67,94,5,3.0,89,1.0,112,1.0,1367,126,1.0,,245,False,548497,starter,68782,,medium,13424960,1767024000,2025-12-29T16:00:00Z,1,Angola,4692
885864,Frank Onyeka,frank-onyeka,M,Nigeria,4785,6.5,1.33,122,4,0.0,113,2.0,88,1.5,2195,79,,1.0,245,False,548444,substitute,68758,,easy,13424963,1767110400,2025-12-30T16:00:00Z,1,Uganda,4726
758664,Charles Pickel,charles-pickel,M,DR Congo,4823,6.5,1.33,113,4,4.0,104,0.0,162,0.9,1233,131,,,245,False,548827,starter,68590,,veryEasy,13424966,1767121200,2025-12-30T19:00:00Z,1,Botswana,4747
1192318,Farès Chaïbi,fares-chaibi,M,Algeria,4691,6.5,1.0,134,2,,141,1.0,121,1.8,2507,69,,,245,False,548576,True,69197,,veryEasy,13424967,1767196800,2025-12-31T16:00:00Z,1,Equatorial Guinea,8032
1067582,Flavien Boyomo,boyomo-flavien,D,Cameroon,4751,6.5,0.5,126,1,,136,0.5,114,2.8,4028,51,,,207,False,548525,True,69092,,easy,13424970,1767207600,2025-12-31T19:00:00Z,1,Mozambique,4783
989882,Ramiz Zerrouki,ramiz-zerrouki,M,Algeria,4691,6.5,0.5,158,1,,174,0.5,147,0.9,1279,128,,,245,False,548585,True,69194,,veryEasy,13424967,1767196800,2025-12-31T16:00:00Z,1,Equatorial Guinea,8032
917305,Edo Kayembe,kayembe-edo,M,DR Congo,4823,6.5,0.33,174,1,0.0,171,0.5,157,0.9,1307,127,,,245,False,548839,substitute,68589,,veryEasy,13424966,1767121200,2025-12-30T19:00:00Z,1,Botswana,4747
1013842,Emmanuel Agbadou,emmanuel-agbadou,D,Côte d'Ivoire,4768,6.5,0.0,152,0,,152,0.0,152,3.3,4635,44,,,207,False,548339,True,69005,,easy,13424969,1767207600,2025-12-31T19:00:00Z,1,Gabon,4761
846081,Houssem Aouar,aouar-houssem,M,Algeria,4691,6.5,0.0,209,0,,209,0.0,209,2.6,3659,52,,,245,False,548578,True,69199,,veryEasy,13424967,1767196800,2025-12-31T16:00:00Z,1,Equatorial Guinea,8032
1049442,Ilan Kebbal,ilan-kebbal,M,Algeria,4691,6.5,0.0,208,0,,208,0.0,208,1.5,2064,84,,,245,False,548583,True,69202,,veryEasy,13424967,1767196800,2025-12-31T16:00:00Z,1,Equatorial Guinea,8032
1188191,Oumar Diakité,oumar-diakite,F,Côte d'Ivoire,4768,6.5,0.0,107,0,,107,0.0,107,1.4,2032,45,,,142,False,548331,True,69012,,easy,13424969,1767207600,2025-12-31T19:00:00Z,1,Gabon,4761
153158,Naïm Sliti,naim-sliti,M,Tunisia,4729,6.5,0.0,221,0,0.0,221,0.0,221,1.0,1385,125,,,245,False,548395,substitute,68680,,veryEasy,13424964,1767110400,2025-12-30T16:00:00Z,1,Tanzania,4835
940328,Jean-Philippe Krasso,jean-philippe-krasso,F,Côte d'Ivoire,4768,6.5,0.0,98,0,,98,0.0,98,0.9,1314,62,,,142,False,548337,True,69015,,easy,13424969,1767207600,2025-12-31T19:00:00Z,1,Gabon,4761
1095731,Oussama Targhalline,oussama-targhalline,M,Morocco,4778,6.5,0.0,230,0,0.0,230,0.0,230,0.6,906,141,,,245,False,548643,substitute,68945,,veryEasy,13424958,1767034800,2025-12-29T19:00:00Z,1,Zambia,4720
1002711,Pape Matar Sarr,pape-matar-sarr,M,Senegal,4739,6.4,0.67,149,2,2.0,146,0.0,168,6.0,8559,17,,,245,False,548657,starter,68619,,veryEasy,13424965,1767121200,2025-12-30T19:00:00Z,1,Benin,4744
149731,Sébastien Haller,sebastien-haller,F,Côte d'Ivoire,4768,6.4,0.0,117,0,,117,0.0,117,3.8,5468,17,,1.0,142,False,548324,True,68995,,easy,13424969,1767207600,2025-12-31T19:00:00Z,1,Gabon,4761
945204,Elias Achouri,elias-achouri,M,Tunisia,4729,6.2,7.0,10,21,2.0,8,9.5,5,8.7,12308,9,1.0,1.0,245,False,548381,starter,68683,,veryEasy,13424964,1767110400,2025-12-30T16:00:00Z,1,Tanzania,4835
961684,Anass Salah-Eddine,anass-salah-eddine,D,Morocco,4778,6.2,6.0,17,18,0.0,8,9.0,6,11.2,15964,7,3.0,1.0,207,False,548646,substitute,68960,,veryEasy,13424958,1767034800,2025-12-29T19:00:00Z,1,Zambia,4720
126071,Kalidou Koulibaly,kalidou-koulibaly,D,Senegal,4739,6.1,5.67,26,17,5.0,15,6.0,27,31.3,44552,1,,1.0,207,False,548659,starter,68609,,veryEasy,13424965,1767121200,2025-12-30T19:00:00Z,1,Benin,4744
344953,Théo Bongonda,theo-bongonda,M,DR Congo,4823,6.1,5.0,25,15,1.0,20,7.0,13,6.3,9024,16,2.0,,245,False,548825,substitute,68593,,veryEasy,13424966,1767121200,2025-12-30T19:00:00Z,1,Botswana,4747
871735,Mohamed El-Shenawy,mohamed-el-shenawy,G,Egypt,4758,6.0,9.0,1,18,,6,9.0,1,16.1,22919,4,1.0,,77,False,548495,True,68786,,medium,13424960,1767024000,2025-12-29T16:00:00Z,1,Angola,4692
122810,Aïssa Mandi,aissa-mandi,D,Algeria,4691,6.0,8.5,5,17,,14,8.5,8,8.8,12443,12,,,207,False,548580,True,69186,,veryEasy,13424967,1767196800,2025-12-31T16:00:00Z,1,Equatorial Guinea,8032
1002033,Guéla Doué,guela-doue,D,Côte d'Ivoire,4768,6.0,7.5,9,15,,22,7.5,14,11.1,15761,8,1.0,,207,False,548333,True,69010,,easy,13424969,1767207600,2025-12-31T19:00:00Z,1,Gabon,4761
174975,Arthur Masuaku,arthur-masuaku,D,DR Congo,4823,6.0,6.0,22,12,,39,6.0,24,8.4,11876,14,,,207,False,548829,True,68583,,veryEasy,13424966,1767121200,2025-12-30T19:00:00Z,1,Botswana,4747
918723,Mohamed Hamdi,mohamed-hamdi,D,Egypt,4758,6.0,6.0,18,18,0.0,10,9.0,7,5.8,8264,25,,,207,False,548504,substitute,68778,,medium,13424960,1767024000,2025-12-29T16:00:00Z,1,Angola,4692
984505,Oswin Appollis,oswin-appollis,M,South Africa,4736,6.0,6.0,12,18,9.0,10,4.5,26,5.1,7318,19,4.0,,245,False,548850,starter,68845,,easy,13424961,1767024000,2025-12-29T16:00:00Z,1,Zimbabwe,4719
845281,Fredy,fredy,M,Angola,4692,6.0,6.0,11,18,2.0,9,8.0,9,4.2,5911,25,2.0,2.0,245,False,548696,starter,68819,,medium,13424960,1767024000,2025-12-29T16:00:00Z,1,Egypt,4758
873534,Krépin Diatta,krepin-diatta,M,Senegal,4739,6.0,6.0,13,18,9.0,11,4.5,27,2.3,3210,62,1.0,,245,False,551376,starter,69718,,veryEasy,13424965,1767121200,2025-12-30T19:00:00Z,1,Benin,4744
881117,Teboho Mokoena,teboho-mokoena,M,South Africa,4736,6.0,5.67,19,17,5.0,16,6.0,17,7.3,10315,14,4.0,,245,False,548853,starter,68842,,easy,13424961,1767024000,2025-12-29T16:00:00Z,1,Zimbabwe,4719
591706,Ellyes Skhiri,ellyes-skhiri,M,Tunisia,4729,6.0,5.67,21,17,3.0,18,7.0,12,4.9,7008,21,1.0,,245,False,548382,starter,68675,,veryEasy,13424964,1767110400,2025-12-30T16:00:00Z,1,Tanzania,4835
1129862,Raphael Onyedika,raphael-onyedika,M,Nigeria,4785,6.0,5.67,18,17,17.0,15,0.0,159,2.9,4143,43,,,245,False,548446,starter,68760,,easy,13424963,1767110400,2025-12-30T16:00:00Z,1,Uganda,4726
360938,Bono,bono,G,Morocco,4778,6.0,4.67,13,14,6.0,10,4.0,14,54.5,77392,1,,2.0,77,False,548628,starter,68937,,veryEasy,13424958,1767034800,2025-12-29T19:00:00Z,1,Zambia,4720
892235,David Carmo,david-carmo,D,Angola,4692,6.0,4.67,42,14,10.0,29,2.0,76,5.4,7739,29,,,207,False,548689,starter,68814,,medium,13424960,1767024000,2025-12-29T16:00:00Z,1,Egypt,4758
998241,Darlin Yongwa,darlin-yongwa,D,Cameroon,4751,6.0,4.5,45,9,,66,4.5,51,5.3,7584,30,,,207,False,548534,True,69080,,easy,13424970,1767207600,2025-12-31T19:00:00Z,1,Mozambique,4783
817979,Axel Tuanzebe,axel-tuanzebe,D,DR Congo,4823,6.0,4.0,48,12,0.0,35,6.0,28,7.6,10778,16,2.0,,207,False,548835,substitute,68585,,veryEasy,13424966,1767121200,2025-12-30T19:00:00Z,1,Botswana,4747
307274,Semi Ajayi,semi-ajayi,D,Nigeria,4785,6.0,4.0,52,12,0.0,41,6.0,31,7.4,10563,17,,,207,False,548451,substitute,68750,,easy,13424963,1767110400,2025-12-30T16:00:00Z,1,Uganda,4726
933115,Show,show,M,Angola,4692,6.0,4.0,37,12,1.0,29,5.5,21,3.0,4259,40,,,245,False,548697,substitute,68818,,medium,13424960,1767024000,2025-12-29T16:00:00Z,1,Egypt,4758
868268,Cherif Ndiaye,ndiaye-cherif,F,Senegal,4739,6.0,4.0,18,12,6.0,16,3.0,29,2.8,3939,24,,,142,False,548672,substitute,68631,,veryEasy,13424965,1767121200,2025-12-30T19:00:00Z,1,Benin,4744
255999,Omar Mascarell,omar-mascarell,M,Equatorial Guinea,8032,6.0,3.5,52,7,,75,3.5,50,2.7,3842,44,1.0,,245,False,548795,True,69165,,veryHard,13424967,1767196800,2025-12-31T16:00:00Z,1,Algeria,4691
877103,Jawad El Yamiq,jawad-el-yamiq,D,Morocco,4778,6.0,3.33,67,10,0.0,55,5.0,45,5.9,8410,24,,,207,False,548650,substitute,68948,,veryEasy,13424958,1767034800,2025-12-29T19:00:00Z,1,Zambia,4720
880622,Ahmed Fatouh,ahmed-fatouh,D,Egypt,4758,6.0,3.33,69,10,8.0,57,1.0,92,5.3,7506,32,,1.0,207,False,548507,starter,68779,,medium,13424960,1767024000,2025-12-29T16:00:00Z,1,Angola,4692
910121,Fisayo Dele-Bashiru,dele-bashiru-oluwafisayo,M,Nigeria,4785,6.0,3.33,55,10,8.0,41,1.0,108,2.7,3776,46,,1.0,245,False,548447,starter,68762,,easy,13424963,1767110400,2025-12-30T16:00:00Z,1,Uganda,4726
1049538,Ousmane Camara,ousmane-camara,D,Mali,4831,6.0,3.0,75,9,9.0,67,0.0,125,5.6,7966,27,,,207,False,548424,starter,68916,,easy,13424959,1767034800,2025-12-29T19:00:00Z,1,Comoros,23494
933780,Aliou Dieng,aliou-dieng,M,Mali,4831,6.0,2.5,73,5,,87,2.5,69,3.3,4725,33,1.0,1.0,245,False,548406,True,68917,,easy,13424959,1767034800,2025-12-29T19:00:00Z,1,Comoros,23494
295123,Paul Onuachu,paul-onuachu,F,Nigeria,4785,6.0,2.33,43,7,7.0,35,0.0,83,2.6,3631,29,,,142,False,548440,starter,68771,,easy,13424963,1767110400,2025-12-30T16:00:00Z,1,Uganda,4726
802159,Habib Diallo,habib-diallo,F,Senegal,4739,6.0,2.0,49,6,6.0,44,0.0,84,2.6,3671,27,,,142,False,548670,starter,68630,,veryEasy,13424965,1767121200,2025-12-30T19:00:00Z,1,Benin,4744
804621,Lassana Coulibaly,coulibaly-lassana,M,Mali,4831,6.0,1.67,96,5,1.0,91,2.0,85,3.1,4375,39,,,245,False,548415,substitute,68931,,easy,13424959,1767034800,2025-12-29T19:00:00Z,1,Comoros,23494
1000150,Zito Luvumbo,zito-luvumbo,F,Angola,4692,6.0,1.67,51,5,3.0,48,1.0,57,2.5,3535,31,,,142,False,548683,starter,68821,,medium,13424960,1767024000,2025-12-29T16:00:00Z,1,Egypt,4758
333341,Mabululu,mabululu,F,Angola,4692,6.0,1.33,62,4,2.0,58,1.0,59,4.3,6066,14,2.0,,142,False,548686,starter,68826,,medium,13424960,1767024000,2025-12-29T16:00:00Z,1,Egypt,4758
923969,Michel Ange Balikwisha,michel-ange-balikwisha,M,DR Congo,4823,6.0,1.33,120,4,3.0,111,0.5,134,2.6,3693,50,,,245,False,548838,substitute,68594,,veryEasy,13424966,1767121200,2025-12-30T19:00:00Z,1,Botswana,4747
1089108,Ilias Akhomach,ilias-akhomach,M,Morocco,4778,6.0,1.33,115,4,4.0,106,0.0,163,2.6,3762,47,,,245,False,548641,substitute,68956,,veryEasy,13424958,1767034800,2025-12-29T19:00:00Z,1,Zambia,4720
918506,Mohanad Lasheen,mohanad-lasheen,M,Egypt,4758,6.0,1.33,121,4,3.0,112,0.5,135,2.3,3282,60,,,245,False,548516,starter,68794,,medium,13424960,1767024000,2025-12-29T16:00:00Z,1,Angola,4692
1089453,Saúl Coco,saul-coco,D,Equatorial Guinea,8032,6.0,1.0,111,2,,111,1.0,97,5.7,8077,26,,,207,False,548792,True,69158,,veryHard,13424967,1767196800,2025-12-31T16:00:00Z,1,Algeria,4691
988632,Jim Allevinah,jim-allevinah,M,Gabon,4761,6.0,1.0,138,1,,172,0.5,137,2.6,3691,51,,,245,False,548878,True,69071,,hard,13424969,1767207600,2025-12-31T19:00:00Z,1,Côte d'Ivoire,4768
1047321,Rafiki Saïd,rafiki-said,M,Comoros,23494,6.0,1.0,129,3,0.0,129,1.5,107,2.5,3562,55,,,245,False,548354,starter,68890,,hard,13424959,1767034800,2025-12-29T19:00:00Z,1,Mali,4831
945830,Himad Abdelli,himad-abdelli,M,Algeria,4691,6.0,1.0,137,1,,160,1.0,124,0.1,188,235,,,245,False,558330,True,69852,,veryEasy,13424967,1767196800,2025-12-31T16:00:00Z,1,Equatorial Guinea,8032
818218,Christian Bassogog,christian-bassogog,M,Cameroon,4751,6.0,0.5,154,1,,163,0.5,143,2.6,3707,49,,1.0,245,False,548532,True,69073,,easy,13424970,1767207600,2025-12-31T19:00:00Z,1,Mozambique,4783
326343,Jean-Philippe Gbamin,jean-philippe-gbamin,M,Côte d'Ivoire,4768,6.0,0.5,159,1,,176,0.5,148,2.5,3595,54,,,245,False,548347,True,69000,,easy,13424969,1767207600,2025-12-31T19:00:00Z,1,Gabon,4761
875890,Chidera Ejuke,chidera-ejuke,M,Nigeria,4785,6.0,0.33,166,1,0.0,157,0.5,153,3.1,4425,38,,1.0,245,False,548450,substitute,68765,,easy,13424963,1767110400,2025-12-30T16:00:00Z,1,Uganda,4726
918996,Seifeddine Jaziri,seifeddine-jaziri,F,Tunisia,4729,6.0,0.33,85,1,1.0,74,0.0,87,2.7,3774,25,,,142,False,548388,substitute,68687,,veryEasy,13424964,1767110400,2025-12-30T16:00:00Z,1,Tanzania,4835
855808,Samuel Essende,samuel-essende,F,DR Congo,4823,6.0,0.33,86,1,1.0,77,0.0,88,2.2,3107,35,,,142,False,548831,substitute,68599,,veryEasy,13424966,1767121200,2025-12-30T19:00:00Z,1,Botswana,4747
1006189,Issa Kaboré,issa-kabore,D,Burkina Faso,4749,6.0,0.0,183,0,,183,0.0,183,6.5,9301,21,,,207,False,548549,True,69108,,easy,13424968,1767196800,2025-12-31T16:00:00Z,1,Sudan,4734
785850,Aaron Appindangoyé,aaron-appindangoye,D,Gabon,4761,6.0,0.0,182,0,,182,0.0,182,5.0,7136,35,,,207,False,548882,True,69052,,hard,13424969,1767207600,2025-12-31T19:00:00Z,1,Côte d'Ivoire,4768
1597145,Abdelhamid Ait Boudlal,abdelhamid-ait-boudlal,D,Morocco,4778,6.0,0.0,156,0,0.0,156,0.0,156,4.6,6542,38,,,207,False,548648,substitute,68959,,veryEasy,13424958,1767034800,2025-12-29T19:00:00Z,1,Zambia,4720
829093,Ibrahima Sissoko,ibrahima-sissoko,M,Mali,4831,6.0,0.0,210,0,0.0,210,0.0,210,3.2,4516,36,,,245,False,548427,substitute,68924,,easy,13424959,1767034800,2025-12-29T19:00:00Z,1,Comoros,23494
1493689,Assane Diao,assane-diao,F,Senegal,4739,6.0,0.0,132,0,,132,0.0,132,2.8,3958,23,,,142,False,548665,True,68622,,veryEasy,13424965,1767121200,2025-12-30T19:00:00Z,1,Benin,4744
1888002,Christ Inao Oulaï,christ-inao-oulai,M,Côte d'Ivoire,4768,6.0,0.0,185,0,,185,0.0,185,2.7,3828,45,,1.0,245,False,548344,True,69013,,easy,13424969,1767207600,2025-12-31T19:00:00Z,1,Gabon,4761
960080,Boulaye Dia,dia-boulaye,F,Senegal,4739,6.0,0.0,93,0,0.0,93,0.0,93,2.6,3694,26,,,142,False,548666,substitute,68629,,veryEasy,13424965,1767121200,2025-12-30T19:00:00Z,1,Benin,4744
825945,Simon Banza,simon-banza,F,DR Congo,4823,6.0,0.0,116,0,0.0,116,0.0,116,2.6,3638,28,,,142,False,548828,substitute,68597,,veryEasy,13424966,1767121200,2025-12-30T19:00:00Z,1,Botswana,4747
1107592,Monsef Bakrar,monsef-bakrar,F,Algeria,4691,6.0,0.0,102,0,,102,0.0,102,2.5,3504,33,,,142,False,548590,True,69206,,veryEasy,13424967,1767196800,2025-12-31T16:00:00Z,1,Equatorial Guinea,8032
904994,Junior Dina Ebimbe,junior-dina-ebimbe,M,Cameroon,4751,6.0,0.0,213,0,,213,0.0,213,2.5,3623,53,,,245,False,548530,True,69097,,easy,13424970,1767207600,2025-12-31T19:00:00Z,1,Mozambique,4783
353950,Malick Evouna,evouna-malick,M,Gabon,4761,6.0,0.0,225,0,,225,0.0,225,2.5,3516,56,,,245,False,548888,True,69070,,hard,13424969,1767207600,2025-12-31T19:00:00Z,1,Côte d'Ivoire,4768
1002334,Zini,zini,F,Angola,4692,6.0,0.0,136,0,,136,0.0,136,2.3,3198,34,,,142,False,548690,True,68828,,medium,13424960,1767024000,2025-12-29T16:00:00Z,1,Egypt,4758
1130946,Elias Saad,elias-saad,F,Tunisia,4729,6.0,-0.5,243,-1,,243,-0.5,243,3.2,4491,37,,,245,False,548384,True,68682,,veryEasy,13424964,1767110400,2025-12-30T16:00:00Z,1,Tanzania,4835
822708,Amadou Haidara,amadou-haidara,M,Mali,4831,6.0,-0.67,244,-2,-2.0,244,0.0,242,3.5,4936,29,,,245,False,548411,substitute,68923,,easy,13424959,1767034800,2025-12-29T19:00:00Z,1,Comoros,23494
867299,Hervé Koffi,herve-koffi,G,Burkina Faso,4749,5.9,3.5,19,7,,21,3.5,18,13.2,18820,5,,,77,False,548550,True,69101,,easy,13424968,1767196800,2025-12-31T16:00:00Z,1,Sudan,4734
844842,Yves Bissouma,yves-bissouma,M,Mali,4831,5.9,2.5,72,5,3.0,85,1.0,110,9.2,13141,8,,,245,False,548405,starter,68909,,easy,13424959,1767034800,2025-12-29T19:00:00Z,1,Comoros,23494
1007556,Fiston Mayele,fiston-mayele,F,DR Congo,4823,5.9,0.67,72,2,1.0,70,0.5,68,5.1,7281,12,,1.0,142,False,548822,starter,68598,,veryEasy,13424966,1767121200,2025-12-30T19:00:00Z,1,Botswana,4747
826545,Mohamed Hany,mohamed-hany,D,Egypt,4758,5.9,0.5,124,1,,132,0.5,112,7.3,10388,19,,2.0,207,False,548499,True,68777,,medium,13424960,1767024000,2025-12-29T16:00:00Z,1,Angola,4692
967032,Emam Ashour,emam-ashour,M,Egypt,4758,5.9,0.33,168,1,0.0,159,0.5,154,7.3,10314,15,,1.0,245,False,548491,substitute,68781,,medium,13424960,1767024000,2025-12-29T16:00:00Z,1,Angola,4692
953995,Soufiane Rahimi,soufiane-rahimi,F,Morocco,4778,5.9,-0.67,142,-2,0.0,142,-1.0,142,5.3,7597,10,1.0,2.0,142,False,548638,substitute,68944,,veryEasy,13424958,1767034800,2025-12-29T19:00:00Z,1,Zambia,4720
897291,Ismail Jakobs,ismail-jakobs,D,Senegal,4739,5.6,5.0,33,15,0.0,23,7.5,15,7.4,10511,18,1.0,,207,False,548671,substitute,68613,,veryEasy,13424965,1767121200,2025-12-30T19:00:00Z,1,Benin,4744
865057,Patson Daka,patson-daka,F,Zambia,4720,5.6,4.0,19,12,2.0,17,5.0,14,4.3,6136,13,,6.0,142,False,548764,starter,68966,,veryHard,13424958,1767034800,2025-12-29T19:00:00Z,1,Morocco,4778
831781,Ghislain Konan,ghislain-konan,D,Côte d'Ivoire,4768,5.5,9.0,3,18,,12,9.0,4,4.7,6721,37,1.0,,207,False,548342,True,68997,,easy,13424969,1767207600,2025-12-31T19:00:00Z,1,Gabon,4761
1103597,Novatus Miroshi,novatus-miroshi,M,Tanzania,4835,5.5,8.33,4,25,10.0,2,7.5,10,2.4,3437,57,,,245,False,548900,starter,68735,,veryHard,13424964,1767110400,2025-12-30T16:00:00Z,1,Tunisia,4729
869038,Nouhou Tolo,nouhou-tolo,D,Cameroon,4751,5.5,6.0,21,12,,36,6.0,23,3.3,4706,43,,,207,False,548522,True,69074,,easy,13424970,1767207600,2025-12-31T19:00:00Z,1,Mozambique,4783
1175240,Rogers Mato,mato-rogers,F,Uganda,4726,5.5,6.0,8,18,7.0,7,5.5,11,0.8,1180,69,,,142,False,548740,starter,68710,,hard,13424963,1767110400,2025-12-30T16:00:00Z,1,Nigeria,4785
877977,Yahia Fofana,yahia-fofana,G,Côte d'Ivoire,4768,5.5,5.5,12,11,,15,5.5,10,9.0,12731,7,,,77,False,548336,True,68993,,easy,13424969,1767207600,2025-12-31T19:00:00Z,1,Gabon,4761
354046,Joris Kayembe,joris-kayembe-ditu,D,DR Congo,4823,5.5,5.33,30,16,13.0,18,1.5,81,2.5,3572,60,,,207,False,548836,starter,68576,,veryEasy,13424966,1767121200,2025-12-30T19:00:00Z,1,Botswana,4747
845271,Dylan Bronn,dylan-bronn,D,Tunisia,4729,5.5,5.0,32,15,4.0,21,5.5,33,2.8,3917,55,,,207,False,548392,starter,68666,,veryEasy,13424964,1767110400,2025-12-30T16:00:00Z,1,Tanzania,4835
364758,Issoufou Dayo,issoufou-dayo,D,Burkina Faso,4749,5.5,5.0,37,10,,58,5.0,39,2.7,3792,57,,,207,False,548562,True,69106,,easy,13424968,1767196800,2025-12-31T16:00:00Z,1,Sudan,4734
1019038,Gustavo Sangaré,gustavo-sangare,M,Burkina Faso,4749,5.5,5.0,26,10,,37,5.0,24,2.0,2893,68,1.0,,245,False,548563,True,69115,,easy,13424968,1767196800,2025-12-31T16:00:00Z,1,Sudan,4734
1170532,Jacques Ekomie,jacques-ekomie,D,Gabon,4761,5.5,5.0,34,10,,52,5.0,37,1.9,2768,70,,,207,False,548879,True,69051,,hard,13424969,1767207600,2025-12-31T19:00:00Z,1,Côte d'Ivoire,4768
1124357,Junior Olaitan,junior-olaitan,M,Benin,4744,5.5,5.0,27,10,2.0,40,4.0,34,1.4,2025,87,,,245,False,548599,starter,68655,,veryHard,13424965,1767121200,2025-12-30T19:00:00Z,1,Senegal,4739
905541,Siyabonga Ngezana,siyabonga-ngezana,D,South Africa,4736,5.5,4.67,39,14,5.0,26,4.5,48,2.5,3523,61,,,207,False,548856,starter,68837,,easy,13424961,1767024000,2025-12-29T16:00:00Z,1,Zimbabwe,4719
825067,Gelson Dala,gelson-dala,F,Angola,4692,5.5,4.67,12,14,2.0,10,6.0,9,1.5,2177,42,,,142,False,548685,substitute,68806,,medium,13424960,1767024000,2025-12-29T16:00:00Z,1,Egypt,4758
786029,Didier N'Dong,didier-ndong,M,Gabon,4761,5.5,4.5,30,9,,48,4.5,30,1.2,1673,103,,,245,False,548876,True,69061,,hard,13424969,1767207600,2025-12-31T19:00:00Z,1,Côte d'Ivoire,4768
539792,Ronwen Williams,williams-ronwen,G,South Africa,4736,5.5,4.33,16,13,3.0,13,5.0,12,18.0,25637,3,1.0,,77,False,548852,starter,68829,,easy,13424961,1767024000,2025-12-29T16:00:00Z,1,Zimbabwe,4719
1093070,Junior Tchamadeu,junior-tchamadeu,D,Cameroon,4751,5.5,4.0,56,8,,74,4.0,59,1.9,2652,73,,,207,False,548537,True,69083,,easy,13424970,1767207600,2025-12-31T19:00:00Z,1,Mozambique,4783
1991585,Hazem Mastouri,hazem-mestouri,F,Tunisia,4729,5.5,4.0,17,12,6.0,15,3.0,28,1.8,2488,39,3.0,,142,False,548389,starter,68685,,veryEasy,13424964,1767110400,2025-12-30T16:00:00Z,1,Tanzania,4835
197550,Youssouf M'Changama,youssouf-mchangama,M,Comoros,23494,5.5,3.67,41,11,2.0,30,4.5,32,1.3,1830,99,,,245,False,548356,substitute,68895,,hard,13424959,1767034800,2025-12-29T19:00:00Z,1,Mali,4831
831424,Reinildo Mandava,reinildo-mandava,D,Mozambique,4783,5.5,3.5,66,7,,83,3.5,66,5.0,7055,36,2.0,,207,False,548709,True,69022,,hard,13424970,1767207600,2025-12-31T19:00:00Z,1,Cameroon,4751
177103,André Poko,andre-poko,M,Gabon,4761,5.5,3.5,45,7,,61,3.5,43,1.2,1654,105,,,245,False,548883,True,69059,,hard,13424969,1767207600,2025-12-31T19:00:00Z,1,Côte d'Ivoire,4768
936047,Khuliso Mudau,khuliso-mudau,D,South Africa,4736,5.5,3.33,72,10,3.0,61,3.5,67,5.5,7814,28,,1.0,207,False,548860,starter,68832,,easy,13424961,1767024000,2025-12-29T16:00:00Z,1,Zimbabwe,4719
1214772,Hassane Imourane,hassane-imourane,M,Benin,4744,5.5,3.33,54,10,2.0,39,4.0,39,1.2,1650,106,,1.0,245,False,548606,starter,68648,,veryHard,13424965,1767121200,2025-12-30T19:00:00Z,1,Senegal,4739
842745,Faïz Selemani,faiz-selemani,F,Comoros,23494,5.5,3.33,30,10,2.0,22,4.0,20,0.9,1225,65,,,142,False,548355,starter,68889,,hard,13424959,1767034800,2025-12-29T19:00:00Z,1,Mali,4831
886124,Rocky Bushiri Kiranga,rocky-bushiri-kiranga,D,DR Congo,4823,5.5,3.0,74,9,9.0,63,0.0,124,1.9,2705,72,,,207,False,548844,starter,68586,,veryEasy,13424966,1767121200,2025-12-30T19:00:00Z,1,Botswana,4747
1634359,Royce Openda,openda-royce,F,Gabon,4761,5.5,3.0,33,6,,39,3.0,31,1.2,1684,51,,,142,False,548875,True,69067,,hard,13424969,1767207600,2025-12-31T19:00:00Z,1,Côte d'Ivoire,4768
796455,Vakoun Issouf Bayo,bayo-vakoun-issouf,F,Côte d'Ivoire,4768,5.5,3.0,34,6,,45,3.0,32,1.0,1358,61,,,142,False,548341,True,68999,,easy,13424969,1767207600,2025-12-31T19:00:00Z,1,Gabon,4761
837099,Aubrey Modiba,aubrey-modiba,D,South Africa,4736,5.5,2.67,81,8,0.0,71,4.0,62,2.8,3943,54,,,207,False,548863,starter,68835,,easy,13424961,1767024000,2025-12-29T16:00:00Z,1,Zimbabwe,4719
1134441,Bruno Onyemaechi,bruno-onyemaechi,D,Nigeria,4785,5.5,2.67,86,8,4.0,81,2.0,77,2.2,3186,65,,,207,False,548449,starter,68752,,easy,13424963,1767110400,2025-12-30T16:00:00Z,1,Uganda,4726
259995,Adam Masina,adam-masina,D,Morocco,4778,5.5,2.67,83,8,8.0,77,0.0,127,1.9,2722,71,,,207,False,548647,starter,68951,,veryEasy,13424958,1767034800,2025-12-29T19:00:00Z,1,Zambia,4720
1002367,Beni Mukendi,beni-mukendi,M,Angola,4692,5.5,2.67,66,8,3.0,54,2.5,66,1.1,1554,111,,,245,False,548698,starter,68804,,medium,13424960,1767024000,2025-12-29T16:00:00Z,1,Egypt,4758
1471764,El Hadji Malick Diouf,diouf-el-hadji-malick,M,Senegal,4739,5.5,2.5,75,5,5.0,94,0.0,160,3.0,4257,41,,1.0,245,False,548667,starter,68612,,veryEasy,13424965,1767121200,2025-12-30T19:00:00Z,1,Benin,4744
174911,Steeve Yago,steeve-yago,D,Burkina Faso,4749,5.5,2.5,87,5,,93,2.5,74,2.1,2937,68,,,207,False,548559,True,69107,,easy,13424968,1767196800,2025-12-31T16:00:00Z,1,Sudan,4734
1103488,Rafik Belghali,belghali-rafik,M,Algeria,4691,5.5,2.5,76,5,,97,2.5,71,1.5,2147,81,,,245,False,548589,True,69191,,veryEasy,13424967,1767196800,2025-12-31T16:00:00Z,1,Equatorial Guinea,8032
1002146,Maestro,maestro,M,Angola,4692,5.5,2.33,79,7,5.0,60,1.0,111,1.3,1812,100,,1.0,245,False,548693,starter,68802,,medium,13424960,1767024000,2025-12-29T16:00:00Z,1,Egypt,4758
1049534,Jaouen Hadjam,jaouen-hadjam,D,Algeria,4691,5.5,2.0,94,4,,95,2.0,78,2.6,3708,59,,1.0,207,False,548584,True,69189,,veryEasy,13424967,1767196800,2025-12-31T16:00:00Z,1,Equatorial Guinea,8032
800348,Jonathan Buatu,jonathan-buatu-mananga,D,Angola,4692,5.5,2.0,91,6,0.0,87,3.0,71,1.8,2524,75,,,207,False,548701,substitute,68815,,medium,13424960,1767024000,2025-12-29T16:00:00Z,1,Egypt,4758
867440,Danny Namaso,danny-namaso,F,Cameroon,4751,5.5,2.0,50,4,,59,2.0,46,0.9,1231,64,,,142,False,548524,True,69089,,easy,13424970,1767207600,2025-12-31T19:00:00Z,1,Mozambique,4783
942834,Cheick Tidiane Sabaly,cheick-tidiane-sabaly,F,Senegal,4739,5.5,2.0,46,6,0.0,41,3.0,34,0.8,1159,71,1.0,,142,False,548676,substitute,68624,,veryEasy,13424965,1767121200,2025-12-30T19:00:00Z,1,Benin,4744
892624,Samuel Moutoussamy,moutoussamy-samuel,M,DR Congo,4823,5.5,1.67,100,5,0.0,96,2.5,78,1.7,2353,71,,,245,False,548833,substitute,68577,,veryEasy,13424966,1767121200,2025-12-30T19:00:00Z,1,Botswana,4747
1035695,Fodé Doucouré,fode-doucoure,M,Mali,4831,5.5,1.67,102,5,5.0,99,0.0,161,1.4,2045,86,,,245,False,548425,starter,68928,,easy,13424959,1767034800,2025-12-29T19:00:00Z,1,Comoros,23494
1918931,Gaoussou Diarra,gaoussou-diarra,M,Mali,4831,5.5,1.67,95,5,1.0,90,2.0,84,1.3,1885,96,,,245,False,548418,substitute,68925,,easy,13424959,1767034800,2025-12-29T19:00:00Z,1,Comoros,23494
788061,M'Bala Nzola,mbala-nzola,F,Angola,4692,5.5,1.67,54,5,1.0,51,2.0,47,1.1,1582,54,,,142,False,548688,substitute,68827,,medium,13424960,1767024000,2025-12-29T16:00:00Z,1,Egypt,4758
825088,Mbwana Ally Samatta,mbwana-ally-samatta,F,Tanzania,4835,5.5,1.67,52,5,2.0,49,1.5,51,1.1,1501,56,,,142,False,548898,starter,68733,,veryHard,13424964,1767110400,2025-12-30T16:00:00Z,1,Tunisia,4729
1508537,Cyriaque Irié,cyriaque-irie,M,Burkina Faso,4749,5.5,1.5,110,3,,126,1.5,103,1.4,1983,90,,,245,False,548552,True,69123,,easy,13424968,1767196800,2025-12-31T16:00:00Z,1,Sudan,4734
305282,Jean Michaël Seri,jean-michael-seri,M,Côte d'Ivoire,4768,5.5,1.5,108,3,,124,1.5,101,1.4,1944,93,,1.0,245,False,548345,True,69041,,easy,13424969,1767207600,2025-12-31T19:00:00Z,1,Gabon,4761
46799,Pedro Obiang,pedro-obiang,M,Equatorial Guinea,8032,5.5,1.5,106,3,,120,1.5,99,1.2,1688,102,,,245,False,548798,True,69170,,veryHard,13424967,1767196800,2025-12-31T16:00:00Z,1,Algeria,4691
786586,Pablo Ganet,pablo-ganet,M,Equatorial Guinea,8032,5.5,1.5,109,3,,125,1.5,102,1.1,1528,114,,,245,False,548805,True,69166,,veryHard,13424967,1767196800,2025-12-31T16:00:00Z,1,Algeria,4691
1064103,Luís Asué,luis-asue,F,Equatorial Guinea,8032,5.5,1.5,56,3,,61,1.5,52,0.6,868,81,,,142,False,548796,True,69176,,veryHard,13424967,1767196800,2025-12-31T16:00:00Z,1,Algeria,4691
957143,Sebastian Tounekti,tounekti-sebastian,M,Tunisia,4729,5.5,1.33,112,4,1.0,103,1.5,105,1.6,2273,74,1.0,,245,False,548386,starter,68686,,veryEasy,13424964,1767110400,2025-12-30T16:00:00Z,1,Tanzania,4835
1068286,Rui Modesto,rui-modesto,M,Angola,4692,5.5,1.33,118,4,4.0,109,0.0,164,1.1,1494,117,,,245,False,548699,starter,68809,,medium,13424960,1767024000,2025-12-29T16:00:00Z,1,Egypt,4758
875548,Aiyegun Tosin,aiyegun-tosin,F,Benin,4744,5.5,1.33,59,4,2.0,54,1.0,58,0.9,1247,63,,,142,False,548600,starter,68658,,veryHard,13424965,1767121200,2025-12-30T19:00:00Z,1,Senegal,4739
187729,Romain Saïss,romain-saiss,D,Morocco,4778,5.5,1.0,112,1,,130,0.5,103,5.1,7193,34,,2.0,207,False,548644,True,68958,,veryEasy,13424958,1767034800,2025-12-29T19:00:00Z,1,Zambia,4720
806244,Ibrahim Blati Tourè,ibrahim-blati-toure,M,Burkina Faso,4749,5.5,1.0,132,2,,137,1.0,119,1.7,2349,72,,,245,False,548554,True,69111,,easy,13424968,1767196800,2025-12-31T16:00:00Z,1,Sudan,4734
311696,Guélor Kanga,guelor-kanga,M,Gabon,4761,5.5,1.0,133,2,,138,1.0,120,1.3,1810,101,,,245,False,548874,True,69058,,hard,13424969,1767207600,2025-12-31T19:00:00Z,1,Côte d'Ivoire,4768
1169436,Frank Magri,frank-magri,F,Cameroon,4751,5.5,1.0,66,2,,68,1.0,63,0.9,1216,67,,,142,False,548528,True,69077,,easy,13424970,1767207600,2025-12-31T19:00:00Z,1,Mozambique,4783
987510,Zaidu Sanusi,zaidu-sanusi,D,Nigeria,4785,5.5,0.67,115,2,1.0,114,0.5,104,3.0,4272,48,,,207,False,548448,substitute,68754,,easy,13424963,1767110400,2025-12-30T16:00:00Z,1,Uganda,4726
791616,Bright Osayi-Samuel,bright-osayi-samuel,D,Nigeria,4785,5.5,0.67,114,2,0.0,113,1.0,99,2.8,3990,53,,1.0,207,False,548445,substitute,68751,,easy,13424963,1767110400,2025-12-30T16:00:00Z,1,Uganda,4726
913679,Pathé Ismaël Ciss,ismaila-ciss,M,Senegal,4739,5.5,0.67,143,2,1.0,136,0.5,140,1.6,2241,76,,,245,False,548673,substitute,68621,,veryEasy,13424965,1767121200,2025-12-30T19:00:00Z,1,Benin,4744
939721,Milson,milson,M,Angola,4692,5.5,0.67,150,2,0.0,148,1.0,130,1.4,1939,94,,1.0,245,False,548684,substitute,68823,,medium,13424960,1767024000,2025-12-29T16:00:00Z,1,Egypt,4758
1011207,Mohamed Shehata,mohamed-shehata,M,Egypt,4758,5.5,0.67,142,2,1.0,135,0.5,139,1.1,1618,107,,,245,False,548505,substitute,68800,,medium,13424960,1767024000,2025-12-29T16:00:00Z,1,Angola,4692
915614,Bathusi Aubaas,aubaas-bathusi,M,South Africa,4736,5.5,0.67,151,2,2.0,149,0.0,169,1.1,1578,108,,,245,False,548867,substitute,68840,,easy,13424961,1767024000,2025-12-29T16:00:00Z,1,Zimbabwe,4719
1014441,Ryan Alebiosu,ryan-alebiosu,M,Nigeria,4785,5.5,0.67,148,2,2.0,145,0.0,167,1.0,1455,120,,,245,False,548459,starter,68756,,easy,13424963,1767110400,2025-12-30T16:00:00Z,1,Uganda,4726
1094482,Adil Boulbina,adil-boulbina,M,Algeria,4691,5.5,0.5,155,1,,165,0.5,144,2.2,3140,64,,1.0,245,False,548587,True,69200,,veryEasy,13424967,1767196800,2025-12-31T16:00:00Z,1,Equatorial Guinea,8032
978301,Jean Onana,jean-onana,M,Cameroon,4751,5.5,0.5,153,1,,162,0.5,142,1.4,1953,91,,,245,False,548531,True,69090,,easy,13424970,1767207600,2025-12-31T19:00:00Z,1,Mozambique,4783
1183551,Mohamed Zougrana,mohamed-zougrana,M,Burkina Faso,4749,5.5,0.5,152,1,,150,0.5,141,1.2,1664,104,,,245,False,548558,True,69114,,easy,13424968,1767196800,2025-12-31T16:00:00Z,1,Sudan,4734
865473,Stephane Aziz Ki,stephane-aziz-ki,F,Burkina Faso,4749,5.5,0.5,77,1,,78,0.5,72,1.1,1496,57,,,142,False,548548,True,69116,,easy,13424968,1767196800,2025-12-31T16:00:00Z,1,Sudan,4734
280447,Olivier Kemen,olivier-kemen,M,Cameroon,4751,5.5,0.5,157,1,,168,0.5,146,1.1,1494,116,,,245,False,548536,True,69081,,easy,13424970,1767207600,2025-12-31T19:00:00Z,1,Mozambique,4783
1102857,Pierre Landry Kaboré,pierre-landry-kabore,F,Burkina Faso,4749,5.5,0.5,79,1,,85,0.5,74,0.8,1174,70,,,142,False,548555,True,69121,,easy,13424968,1767196800,2025-12-31T16:00:00Z,1,Sudan,4734
826202,Yan Valery,yan-valery,D,Tunisia,4729,5.5,0.33,133,1,0.0,128,0.5,119,2.8,4013,52,,,207,False,548390,starter,68664,,veryEasy,13424964,1767110400,2025-12-30T16:00:00Z,1,Tanzania,4835
1142675,Chemsdine Talbi,chemsdine-talbi,M,Morocco,4778,5.5,0.33,172,1,1.0,169,0.0,174,2.6,3714,48,,2.0,245,False,548642,substitute,68957,,veryEasy,13424958,1767034800,2025-12-29T19:00:00Z,1,Zambia,4720
1890491,Mohau Nkota,mohau-nkota,M,South Africa,4736,5.5,0.33,176,1,0.0,175,0.5,158,1.6,2208,77,,2.0,245,False,548847,substitute,68846,,easy,13424961,1767024000,2025-12-29T16:00:00Z,1,Zimbabwe,4719
1014410,Thalente Mbatha,mbatha-thalente,M,South Africa,4736,5.5,0.33,179,1,1.0,179,0.0,179,1.1,1550,112,,,245,False,548857,substitute,68843,,easy,13424961,1767024000,2025-12-29T16:00:00Z,1,Zimbabwe,4719
929957,Chico Banza,banza-chico,F,Angola,4692,5.5,0.33,87,1,0.0,81,0.5,80,0.8,1101,74,,,142,False,548682,starter,68805,,medium,13424960,1767024000,2025-12-29T16:00:00Z,1,Egypt,4758
1160969,Brian Cipenga,brian-cipenga,F,DR Congo,4823,5.5,0.33,90,1,1.0,89,0.0,91,0.7,1024,76,,,142,False,548841,substitute,68596,,veryEasy,13424966,1767121200,2025-12-30T19:00:00Z,1,Botswana,4747
894238,Youcef Atal,youcef-atal,D,Algeria,4691,5.5,0.0,138,0,,138,0.0,138,4.3,6155,40,,1.0,207,False,548581,True,69192,,veryEasy,13424967,1767196800,2025-12-31T16:00:00Z,1,Equatorial Guinea,8032
868235,Sikou Niakaté,sikou-niakate,D,Mali,4831,5.5,0.0,163,0,0.0,163,0.0,163,2.7,3782,58,,,207,False,548420,substitute,68919,,easy,13424959,1767034800,2025-12-29T19:00:00Z,1,Comoros,23494
930231,Christopher Wooh,christopher-wooh,D,Cameroon,4751,5.5,0.0,137,0,,137,0.0,137,2.4,3474,62,,,207,False,548521,True,69072,,easy,13424970,1767207600,2025-12-31T19:00:00Z,1,Mozambique,4783
191204,Jean-Charles Castelletto,jean-charles-castelletto,D,Cameroon,4751,5.5,0.0,168,0,,168,0.0,168,2.1,3003,66,,1.0,207,False,548529,True,69079,,easy,13424970,1767207600,2025-12-31T19:00:00Z,1,Mozambique,4783
1127169,Nasser Djiga,nasser-djiga,D,Burkina Faso,4749,5.5,0.0,150,0,,150,0.0,150,2.0,2898,69,,,207,False,548556,True,69104,,easy,13424968,1767196800,2025-12-31T16:00:00Z,1,Sudan,4734
930245,Evann Guessand,evann-guessand,F,Côte d'Ivoire,4768,5.5,0.0,127,0,,127,0.0,127,1.7,2357,40,,1.0,142,False,548335,True,69043,,easy,13424969,1767207600,2025-12-31T19:00:00Z,1,Gabon,4761
30744,Emilio Nsue,emilio-nsue,F,Equatorial Guinea,8032,5.5,0.0,109,0,,109,0.0,109,1.5,2096,43,,,142,False,548794,True,69179,,veryHard,13424967,1767196800,2025-12-31T16:00:00Z,1,Algeria,4691
1140859,Hamza Igamane,hamza-igamane,F,Morocco,4778,5.5,0.0,128,0,,128,0.0,128,1.4,1979,47,,1.0,142,False,548640,True,68990,,veryEasy,13424958,1767034800,2025-12-29T19:00:00Z,1,Zambia,4720
1000472,Adem Zorgane,adem-zorgane,M,Algeria,4691,5.5,0.0,224,0,,224,0.0,224,1.4,1929,95,,,245,False,548586,True,69196,,veryEasy,13424967,1767196800,2025-12-31T16:00:00Z,1,Equatorial Guinea,8032
342909,Georges-Kévin N'Koudou,georges-kevin-nkoudou,M,Cameroon,4751,5.5,0.0,202,0,,202,0.0,202,1.4,2019,88,,1.0,245,False,548523,True,69082,,easy,13424970,1767207600,2025-12-31T19:00:00Z,1,Mozambique,4783
1159161,Jérémy Oyono,jeremy-oyono,M,Gabon,4761,5.5,0.0,211,0,,211,0.0,211,1.1,1574,109,,,245,False,548885,True,69049,,hard,13424969,1767207600,2025-12-31T19:00:00Z,1,Côte d'Ivoire,4768
1030459,Parfait Guiagon,parfait-guiagon,M,Côte d'Ivoire,4768,5.5,0.0,241,0,,241,0.0,241,1.0,1477,119,,,245,False,548349,True,69044,,easy,13424969,1767207600,2025-12-31T19:00:00Z,1,Gabon,4761
1517711,Martin Ndzie,martin-ndzie,M,Cameroon,4751,5.5,0.0,205,0,,205,0.0,205,1.0,1428,122,,,245,False,548542,True,69096,,easy,13424970,1767207600,2025-12-31T19:00:00Z,1,Mozambique,4783
1048067,Osama Faisal,osama-faisal,F,Egypt,4758,5.5,0.0,130,0,0.0,130,0.0,130,0.8,1114,73,,1.0,142,False,548503,substitute,68791,,medium,13424960,1767024000,2025-12-29T16:00:00Z,1,Angola,4692
1542789,Mamadou Doumbia,mamadou-doumbia,F,Mali,4831,5.5,0.0,124,0,0.0,124,0.0,124,0.8,1081,75,,,142,False,548419,substitute,68934,,easy,13424959,1767034800,2025-12-29T19:00:00Z,1,Comoros,23494
983282,Ousseni Bouda,ousseni-bouda,F,Burkina Faso,4749,5.5,0.0,111,0,,111,0.0,111,0.6,857,82,,,142,False,548568,True,69120,,easy,13424968,1767196800,2025-12-31T16:00:00Z,1,Sudan,4734
845074,Edouard Mendy,edouard-mendy,G,Senegal,4739,5.4,7.0,5,21,11.0,3,5.0,11,20.3,28915,2,,,77,False,548662,starter,68605,,veryEasy,13424965,1767121200,2025-12-30T19:00:00Z,1,Benin,4744
31993,Bruno Ecuele Manga,bruno-ecuele-manga,D,Gabon,4761,5.4,1.0,110,2,,110,1.0,96,1.9,2633,74,,,207,False,548880,True,69053,,hard,13424969,1767207600,2025-12-31T19:00:00Z,1,Côte d'Ivoire,4768
1154657,Mamadou Sarr,sarr-mamadou,D,Senegal,4739,5.4,0.33,128,1,1.0,120,0.0,134,5.3,7465,33,1.0,1.0,207,False,548668,substitute,68607,,veryEasy,13424965,1767121200,2025-12-30T19:00:00Z,1,Benin,4744
889735,Yohan Roche,yohan-roche,D,Benin,4744,5.1,6.67,12,20,0.0,5,10.0,2,1.0,1441,94,1.0,,207,False,548608,starter,68640,,veryHard,13424965,1767121200,2025-12-30T19:00:00Z,1,Senegal,4739
889680,Olivier Verdon,olivier-verdon,D,Benin,4744,5.1,4.67,38,14,-1.0,25,7.5,16,0.5,742,112,,,207,False,548604,starter,68642,,veryHard,13424965,1767121200,2025-12-30T19:00:00Z,1,Senegal,4739
802133,Luca Zidane,luca-zidane,G,Algeria,4691,5.0,8.5,2,17,,8,8.5,2,6.8,9619,8,2.0,,77,False,548588,True,69180,,veryEasy,13424967,1767196800,2025-12-31T16:00:00Z,1,Equatorial Guinea,8032
1047983,Yannick Pandor,yannick-pandor,G,Comoros,23494,5.0,8.0,3,24,7.0,1,8.5,3,1.0,1430,21,,,77,False,548361,starter,68907,,hard,13424959,1767034800,2025-12-29T19:00:00Z,1,Mali,4831
1141425,Alex Moucketou-Moussounda,alex-moucketou-moussounda,D,Gabon,4761,5.0,8.0,8,16,,20,8.0,12,0.4,547,133,,,207,False,548890,True,69054,,hard,13424969,1767207600,2025-12-31T19:00:00Z,1,Côte d'Ivoire,4768
906042,Abdoulaye Diaby,abdoulaye-diaby,D,Mali,4831,5.0,7.33,10,22,9.0,4,6.5,18,1.2,1731,84,,,207,False,548431,starter,68920,,easy,13424959,1767034800,2025-12-29T19:00:00Z,1,Comoros,23494
362758,Devis Epassy,devis-epassy,G,Cameroon,4751,5.0,7.0,7,14,,12,7.0,7,1.5,2085,17,,,77,False,548538,True,69078,,easy,13424970,1767207600,2025-12-31T19:00:00Z,1,Mozambique,4783
599192,Lionel M'Pasi,lionel-mpasi,G,DR Congo,4823,5.0,6.67,9,20,8.0,5,6.0,9,2.2,3101,12,,,77,False,548834,starter,68580,,veryEasy,13424966,1767121200,2025-12-30T19:00:00Z,1,Botswana,4747
1855502,Arsène Kouassi,kan-guy-arsene-kouassi,D,Burkina Faso,4749,5.0,6.5,14,13,,32,6.5,20,1.4,1991,80,,,207,False,548557,True,69109,,easy,13424968,1767196800,2025-12-31T16:00:00Z,1,Sudan,4734
1103229,Samuel Kotto,kotto-samuel,D,Cameroon,4751,5.0,6.5,13,13,,30,6.5,19,1.3,1893,82,,,207,False,548543,True,69095,,easy,13424970,1767207600,2025-12-31T19:00:00Z,1,Mozambique,4783
981168,Samir Sophian Chergui,samir-sophian-chergui,D,Algeria,4691,5.0,6.0,25,6,,89,3.0,68,0.8,1138,99,,,207,False,548591,True,69184,,veryEasy,13424967,1767196800,2025-12-31T16:00:00Z,1,Equatorial Guinea,8032
583896,Abdoulaye Seck,abdoulaye-seck,D,Senegal,4739,5.0,5.67,27,17,17.0,16,0.0,121,0.4,603,122,,,207,False,548678,starter,68611,,veryEasy,13424965,1767121200,2025-12-30T19:00:00Z,1,Benin,4744
985961,Feisal Salum,feisal-salum,M,Tanzania,4835,5.0,5.5,24,11,8.0,36,1.5,90,0.4,591,167,,,245,False,548899,starter,68739,,veryHard,13424964,1767110400,2025-12-30T16:00:00Z,1,Tunisia,4729
963399,Nathanaël Mbuku,nathanael-mbuku,F,DR Congo,4823,5.0,5.33,10,16,9.0,8,3.5,23,1.2,1658,53,,,142,False,548832,starter,68595,,veryEasy,13424966,1767121200,2025-12-30T19:00:00Z,1,Botswana,4747
1063327,Hossam Abdelmaguid,hossam-abdelmaguid,D,Egypt,4758,5.0,5.33,31,16,9.0,19,3.5,64,1.2,1654,86,,,207,False,548506,starter,68784,,medium,13424960,1767024000,2025-12-29T16:00:00Z,1,Angola,4692
923882,Tó Carneiro,to-carneiro,D,Angola,4692,5.0,4.5,43,9,,64,4.5,49,0.6,875,107,,1.0,207,False,548702,True,68811,,medium,13424960,1767024000,2025-12-29T16:00:00Z,1,Egypt,4758
2058228,Mbekezeli Mbokazi,mbokazi,D,South Africa,4736,5.0,4.33,46,13,3.0,31,5.0,41,2.3,3274,64,3.0,,207,False,548848,starter,68839,,easy,13424961,1767024000,2025-12-29T16:00:00Z,1,Zimbabwe,4719
796371,Djigui Diarra,djigui-diarra,G,Mali,4831,5.0,4.33,17,13,9.0,14,2.0,20,1.8,2509,14,,,77,False,548409,starter,68912,,easy,13424959,1767034800,2025-12-29T19:00:00Z,1,Comoros,23494
862194,Zaydou Youssouf,zaydou-youssouf,M,Comoros,23494,5.0,4.33,31,13,4.0,22,4.5,31,0.4,534,172,,,245,False,548352,starter,68891,,hard,13424959,1767034800,2025-12-29T19:00:00Z,1,Mali,4831
919587,Simon Msuva,simon-msuva,F,Tanzania,4835,5.0,4.0,16,12,0.0,14,6.0,10,0.5,779,84,,,142,False,548902,starter,68734,,veryHard,13424964,1767110400,2025-12-30T16:00:00Z,1,Tunisia,4729
1469685,Ibrahim Hamad,ibrahim-hamad-bacca,D,Tanzania,4835,5.0,4.0,51,12,0.0,40,6.0,30,0.5,722,113,,,207,False,548908,starter,68729,,veryHard,13424964,1767110400,2025-12-30T16:00:00Z,1,Tunisia,4729
1492520,Georgi Minoungou,georgi-minoungou,M,Burkina Faso,4749,5.0,3.5,49,7,,68,3.5,47,2.2,3128,65,,,245,False,548551,True,69122,,easy,13424968,1767196800,2025-12-31T16:00:00Z,1,Sudan,4734
345035,Steve Mounié,steve-mounie,F,Benin,4744,5.0,3.5,26,7,0.0,34,3.5,24,0.7,962,77,,,142,False,548598,starter,68654,,veryHard,13424965,1767121200,2025-12-30T19:00:00Z,1,Senegal,4739
987490,Bruno Langa,bruno-langa,D,Mozambique,4783,5.0,3.5,65,7,,82,3.5,65,0.3,458,151,,,207,False,548711,True,69023,,hard,13424970,1767207600,2025-12-31T19:00:00Z,1,Cameroon,4751
1005401,Sipho Mbule,sipho-mbule,M,South Africa,4736,5.0,3.33,56,10,4.0,42,3.0,56,1.1,1529,113,,1.0,245,False,548854,starter,68849,,easy,13424961,1767024000,2025-12-29T16:00:00Z,1,Zimbabwe,4719
891507,Yacine Bourhane,yacine-bourhane,M,Comoros,23494,5.0,3.33,53,10,3.0,38,3.5,51,0.2,275,211,,,245,False,548364,starter,68898,,hard,13424959,1767034800,2025-12-29T19:00:00Z,1,Mali,4831
991200,Gedeon Kalulu,gedeon-kalulu,D,DR Congo,4823,5.0,3.0,73,9,9.0,62,0.0,123,2.9,4139,50,,1.0,207,False,548837,starter,68575,,veryEasy,13424966,1767121200,2025-12-30T19:00:00Z,1,Botswana,4747
1047364,Ismaël Boura,ismael-boura,D,Comoros,23494,5.0,3.0,77,9,0.0,69,4.5,54,0.3,410,159,,,207,False,548358,substitute,68900,,hard,13424959,1767034800,2025-12-29T19:00:00Z,1,Mali,4831
1065210,Tawanda Maswanhise,tawanda-maswanhise,F,Zimbabwe,4719,5.0,3.0,32,9,9.0,25,0.0,82,0.2,226,125,,,142,False,548467,starter,68875,,hard,13424961,1767024000,2025-12-29T16:00:00Z,1,South Africa,4736
1424434,Dokou Dodo,dokou-dodo,M,Benin,4744,5.0,2.67,62,8,2.0,50,3.0,60,0.4,593,166,,,245,False,548605,starter,68647,,veryHard,13424965,1767121200,2025-12-30T19:00:00Z,1,Senegal,4739
967127,Khaled Sobhi,khaled-sobhi,D,Egypt,4758,5.0,2.67,84,8,8.0,78,0.0,128,0.4,552,131,,,207,False,548509,starter,68783,,medium,13424960,1767024000,2025-12-29T16:00:00Z,1,Angola,4692
876626,Fashion Sakala,fashion-sakala,F,Zambia,4720,5.0,2.5,41,5,,47,2.5,37,0.9,1224,66,,,142,False,548765,True,68985,,veryHard,13424958,1767034800,2025-12-29T19:00:00Z,1,Morocco,4778
836701,Alfons Amade,alfons-amade,M,Mozambique,4783,5.0,2.5,70,5,,83,2.5,67,0.2,262,212,,,245,False,548718,True,69029,,hard,13424970,1767207600,2025-12-31T19:00:00Z,1,Cameroon,4751
911350,Lameck Banda,lameck-banda,M,Zambia,4720,5.0,2.33,81,7,4.0,66,1.5,94,0.8,1192,132,,,245,False,548766,substitute,68984,,veryHard,13424958,1767034800,2025-12-29T19:00:00Z,1,Morocco,4778
919642,Mohamed Chibi,chibi-mohamed,D,Morocco,4778,5.0,2.33,88,7,7.0,84,0.0,129,0.7,1053,102,,,207,False,548651,starter,68955,,veryEasy,13424958,1767034800,2025-12-29T19:00:00Z,1,Zambia,4720
986253,Kings Kangwa,kings-kangwa,M,Zambia,4720,5.0,2.33,85,7,-1.0,72,4.0,42,0.5,747,153,,,245,False,548767,starter,68981,,veryHard,13424958,1767034800,2025-12-29T19:00:00Z,1,Morocco,4778
149391,Jordan Obita,jordan-obita,D,Uganda,4726,5.0,2.33,89,7,1.0,85,3.0,70,0.3,409,160,,,207,False,548748,starter,68694,,hard,13424963,1767110400,2025-12-30T16:00:00Z,1,Nigeria,4785
1605913,Loyce  Mbaba,loyce-mbaba,G,Gabon,4761,5.0,2.0,22,4,,22,2.0,21,0.7,1052,31,,,77,False,548886,True,69045,,hard,13424969,1767207600,2025-12-31T19:00:00Z,1,Côte d'Ivoire,4768
933067,Allan Okello,allan-okello,M,Uganda,4726,5.0,2.0,88,6,5.0,78,0.5,132,0.7,1046,137,,,245,False,548735,substitute,68706,,hard,13424963,1767110400,2025-12-30T16:00:00Z,1,Nigeria,4785
973053,Mohamed Husseini,mohamed-husseini,D,Tanzania,4835,5.0,2.0,92,6,3.0,90,1.5,85,0.4,537,135,,,207,False,548903,starter,68722,,veryHard,13424964,1767110400,2025-12-30T16:00:00Z,1,Tunisia,4729
1014789,Ahmed Eid,ahmed-eid,D,Egypt,4758,5.0,2.0,93,6,6.0,91,0.0,130,0.4,542,134,1.0,,207,False,548512,starter,68780,,medium,13424960,1767024000,2025-12-29T16:00:00Z,1,Angola,4692
822684,Siphephelo Sithole,sphephelo-sithole,M,South Africa,4736,5.0,2.0,89,6,2.0,79,2.0,81,0.3,417,183,,,245,False,548865,starter,68844,,easy,13424961,1767024000,2025-12-29T16:00:00Z,1,Zimbabwe,4719
946381,Akor Adams,akor-adams,F,Nigeria,4785,5.0,1.67,55,5,0.0,52,2.5,39,1.3,1820,50,1.0,,142,False,548436,substitute,68766,,easy,13424963,1767110400,2025-12-30T16:00:00Z,1,Uganda,4726
787465,Lubambo Musonda,lubambo-musonda,M,Zambia,4720,5.0,1.67,97,5,0.0,92,2.5,76,0.4,521,173,1.0,,245,False,548772,starter,68986,,veryHard,13424958,1767034800,2025-12-29T19:00:00Z,1,Morocco,4778
1099259,Ismahila Ouédraogo,ismahila-ouedraogo,M,Burkina Faso,4749,5.0,1.5,104,3,,115,1.5,97,0.4,501,177,,,245,False,548565,True,69117,,easy,13424968,1767196800,2025-12-31T16:00:00Z,1,Sudan,4734
1008849,Mohamed Camara,camara-mohamed,M,Mali,4831,5.0,1.33,119,4,4.0,110,0.0,165,1.5,2183,80,,,245,False,548413,starter,68932,,easy,13424959,1767034800,2025-12-29T19:00:00Z,1,Comoros,23494
1400846,Mahamadou Doumbia,mahamadou-doumbia,M,Mali,4831,5.0,1.33,116,4,1.0,107,1.5,106,0.8,1096,136,2.0,,245,False,548417,substitute,68933,,easy,13424959,1767034800,2025-12-29T19:00:00Z,1,Comoros,23494
851262,Myziane Maolida,maolida-myziane,M,Comoros,23494,5.0,1.33,117,4,0.0,108,2.0,87,0.2,328,196,,,245,False,548351,starter,68887,,hard,13424959,1767034800,2025-12-29T19:00:00Z,1,Mali,4831
552632,Manuel Benson,manuel-benson,M,Angola,4692,5.0,1.0,127,3,2.0,123,0.5,136,0.6,834,146,,,245,False,548687,substitute,68822,,medium,13424960,1767024000,2025-12-29T16:00:00Z,1,Egypt,4758
785883,Saidou Simporé,saidou-simpore,D,Burkina Faso,4749,5.0,1.0,109,2,,109,1.0,95,0.4,523,142,,,207,False,548561,True,69113,,easy,13424968,1767196800,2025-12-31T16:00:00Z,1,Sudan,4734
1493501,Salim Fago Lawal,salim-fago-lawal,F,Nigeria,4785,5.0,1.0,69,1,1.0,84,0.0,85,0.3,361,105,,,142,False,548457,substitute,68773,,easy,13424963,1767110400,2025-12-30T16:00:00Z,1,Uganda,4726
1471551,Samadou Attidjikou,samadou-attidjikou,M,Benin,4744,5.0,1.0,124,3,1.0,116,1.0,113,0.2,230,223,,,245,False,548615,starter,68659,,veryHard,13424965,1767121200,2025-12-30T19:00:00Z,1,Senegal,4739
922371,Santiago Bocari Eneme,santiago-bocari-eneme,M,Equatorial Guinea,8032,5.0,1.0,131,2,,133,1.0,118,0.2,223,226,,,245,False,548802,True,69171,,veryHard,13424967,1767196800,2025-12-31T16:00:00Z,1,Algeria,4691
1171011,Eric Bocoum Baboue,eric-bocoum-baboue,F,Gabon,4761,5.0,1.0,68,1,,79,0.5,67,0.2,250,119,,,142,False,548891,True,69069,,hard,13424969,1767207600,2025-12-31T19:00:00Z,1,Côte d'Ivoire,4768
822703,Mamadou Fofana,mamadou-fofana,D,Mali,4831,5.0,0.67,113,2,0.0,112,1.0,98,1.2,1676,85,,,207,False,548422,substitute,68915,,easy,13424959,1767034800,2025-12-29T19:00:00Z,1,Comoros,23494
1022170,Evidence Makgopa,evidence-makgopa,F,South Africa,4736,5.0,0.67,70,2,2.0,65,0.0,86,0.6,876,80,1.0,,142,False,548855,substitute,68841,,easy,13424961,1767024000,2025-12-29T16:00:00Z,1,Zimbabwe,4719
932764,Randy Nteka,randy-nteka,F,Angola,4692,5.0,0.67,73,2,0.0,71,1.0,66,0.3,360,106,,1.0,142,False,548694,substitute,68824,,medium,13424960,1767024000,2025-12-29T16:00:00Z,1,Egypt,4758
880642,Kennedy Musonda,kennedy-musonda,F,Zambia,4720,5.0,0.67,71,2,0.0,66,1.0,65,0.2,327,110,,,142,False,548768,substitute,68988,,veryHard,13424958,1767034800,2025-12-29T19:00:00Z,1,Morocco,4778
896210,Saïd Bakari,said-bakari,D,Comoros,23494,5.0,0.67,117,2,1.0,116,0.5,105,0.2,296,191,,,207,False,548359,substitute,68899,,hard,13424959,1767034800,2025-12-29T19:00:00Z,1,Mali,4831
1106257,Anthony Oyono,anthony-oyono,D,Gabon,4761,5.0,0.5,120,1,,123,0.5,108,0.4,573,128,,,207,False,548881,True,69048,,hard,13424969,1767207600,2025-12-31T19:00:00Z,1,Côte d'Ivoire,4768
901470,Gerzino Nyamsi,gerzino-nyamsi,D,Cameroon,4751,5.0,0.5,122,1,,127,0.5,110,0.3,369,167,,,207,False,548541,True,69094,,easy,13424970,1767207600,2025-12-31T19:00:00Z,1,Mozambique,4783
1095674,Loren Zúñiga,loren-zuniga,F,Equatorial Guinea,8032,5.0,0.5,80,1,,86,0.5,75,0.2,242,122,,,142,False,548793,True,69178,,veryHard,13424967,1767196800,2025-12-31T16:00:00Z,1,Algeria,4691
1136280,Shavy Warren Babicka,babicka-shavy-warren,F,Gabon,4761,5.0,0.5,74,1,,72,0.5,69,0.1,197,131,,,142,False,548877,True,69063,,hard,13424969,1767207600,2025-12-31T19:00:00Z,1,Côte d'Ivoire,4768
385002,Stanley Ratifo,stanley-ratifo,F,Mozambique,4783,5.0,0.5,81,1,,87,0.5,76,0.1,208,128,,,142,False,548713,True,69034,,hard,13424970,1767207600,2025-12-31T19:00:00Z,1,Cameroon,4751
1198374,Aymen Dahmen,dahmen-aymen,G,Tunisia,4729,5.0,0.33,27,1,0.0,27,0.5,26,2.9,4169,10,,2.0,77,False,548398,starter,68660,,veryEasy,13424964,1767110400,2025-12-30T16:00:00Z,1,Tanzania,4835
804764,Chidozie Awaziem,chidozie-awaziem,D,Nigeria,4785,5.0,0.33,130,1,0.0,122,0.5,117,0.6,784,109,,,207,False,548453,substitute,68753,,easy,13424963,1767110400,2025-12-30T16:00:00Z,1,Uganda,4726
1101624,Mahmoud Saber,mahmoud-saber,M,Egypt,4758,5.0,0.33,170,1,1.0,164,0.0,173,0.5,708,157,,,245,False,548513,starter,68785,,medium,13424960,1767024000,2025-12-29T16:00:00Z,1,Angola,4692
1008597,Mohamed Belhadj Mahmoud,mohamed-haj-mahmoud,M,Tunisia,4729,5.0,0.33,160,1,1.0,151,0.0,170,0.4,604,163,,,245,False,548394,substitute,68677,,veryEasy,13424964,1767110400,2025-12-30T16:00:00Z,1,Tanzania,4835
1146362,Kelvin John,john-kelvin,F,Tanzania,4835,5.0,0.33,169,1,0.0,161,0.5,155,0.2,311,199,,,245,False,548901,substitute,68743,,veryHard,13424964,1767110400,2025-12-30T16:00:00Z,1,Tunisia,4729
333311,Ary Papel,ary-papel,F,Angola,4692,5.0,0.33,88,1,1.0,82,0.0,89,0.2,297,111,,,142,False,548695,substitute,68825,,medium,13424960,1767024000,2025-12-29T16:00:00Z,1,Egypt,4758
868909,Kassim M'Dahoma,kassim-mdahoma,D,Comoros,23494,5.0,0.33,127,1,0.0,117,0.5,115,0.1,213,202,,,207,False,548368,substitute,68905,,hard,13424959,1767034800,2025-12-29T19:00:00Z,1,Mali,4831
139310,Willy Boly,willy-boly,D,Côte d'Ivoire,4768,5.0,0.0,167,0,,167,0.0,167,1.7,2354,76,,,207,False,548343,True,69009,,easy,13424969,1767207600,2025-12-31T19:00:00Z,1,Gabon,4761
362014,Hamari Traoré,hamari-traore,D,Mali,4831,5.0,0.0,139,0,0.0,139,0.0,139,1.6,2325,78,,,207,False,548412,substitute,68929,,easy,13424959,1767034800,2025-12-29T19:00:00Z,1,Comoros,23494
1120615,Antoine Mendy,mendy-antoine,D,Senegal,4739,5.0,0.0,179,0,0.0,179,0.0,179,1.1,1524,93,,1.0,207,False,548679,substitute,68610,,veryEasy,13424965,1767121200,2025-12-30T19:00:00Z,1,Benin,4744
898741,Yassine Meriah,yassine-meriah,D,Tunisia,4729,5.0,0.0,172,0,0.0,172,0.0,172,1.1,1558,90,,,207,False,548393,substitute,68668,,veryEasy,13424964,1767110400,2025-12-30T16:00:00Z,1,Tanzania,4835
933128,Neblú,neblu,G,Angola,4692,5.0,0.0,31,0,0.0,31,0.0,32,0.7,936,35,,,77,False,548705,substitute,68807,,medium,13424960,1767024000,2025-12-29T16:00:00Z,1,Egypt,4758
1006190,Farid Ouedraogo,farid-ouedraogo,G,Burkina Faso,4749,5.0,0.0,48,0,,48,0.0,49,0.6,824,39,,,77,False,548569,True,69103,,easy,13424968,1767196800,2025-12-31T16:00:00Z,1,Sudan,4734
1391304,Mehdi Dorval,mehdi-dorval,M,Algeria,4691,5.0,0.0,212,0,,212,0.0,212,0.5,673,160,,,245,False,548594,True,69190,,veryEasy,13424967,1767196800,2025-12-31T16:00:00Z,1,Equatorial Guinea,8032
1652719,Gaoussou Diakite,diakite-gaoussou,F,Mali,4831,5.0,0.0,105,0,0.0,105,0.0,105,0.5,721,89,,,142,False,548421,substitute,68911,,easy,13424959,1767034800,2025-12-29T19:00:00Z,1,Comoros,23494
1394459,Elias Mokwana,mokwana-elias,M,South Africa,4736,5.0,0.0,182,0,0.0,182,0.0,182,0.5,778,150,,1.0,245,False,548858,substitute,68850,,easy,13424961,1767024000,2025-12-29T16:00:00Z,1,Zimbabwe,4719
1035698,Mamadou Camara,mamadou-camara,M,Mali,4831,5.0,0.0,189,0,0.0,189,0.0,189,0.5,713,155,,,245,False,548430,substitute,68926,,easy,13424959,1767034800,2025-12-29T19:00:00Z,1,Comoros,23494
1108094,Adamo Nagalo,adamo-nagalo,D,Burkina Faso,4749,5.0,0.0,200,0,,200,0.0,200,0.4,502,146,,,207,False,548560,True,69100,,easy,13424968,1767196800,2025-12-31T16:00:00Z,1,Sudan,4734
1525367,Ebenezer Akinsanmiro,ebenezer-akinsanmiro,M,Nigeria,4785,5.0,0.0,193,0,0.0,193,0.0,193,0.4,599,165,,,245,False,548452,substitute,68763,,easy,13424963,1767110400,2025-12-30T16:00:00Z,1,Uganda,4726
919225,Mortadha Ben Ouanes,mortadha-ben-ouanes,M,Tunisia,4729,5.0,0.0,234,0,0.0,234,0.0,234,0.4,516,174,,,245,False,548396,substitute,68671,,veryEasy,13424964,1767110400,2025-12-30T16:00:00Z,1,Tanzania,4835
919149,Mohamed Ben Ali,mohamed-ben-ali,D,Tunisia,4729,5.0,0.0,202,0,0.0,202,0.0,202,0.4,524,141,,,207,False,548400,substitute,68665,,veryEasy,13424964,1767110400,2025-12-30T16:00:00Z,1,Tanzania,4835
541464,Cyriel Dessers,cyriel-dessers,F,Nigeria,4785,5.0,0.0,131,0,,131,0.0,131,0.3,494,92,,,142,False,548442,True,68772,,easy,13424963,1767110400,2025-12-30T16:00:00Z,1,Uganda,4726
889815,Patrick Soko,patrick-soko,F,Cameroon,4751,5.0,0.0,108,0,,108,0.0,108,0.3,425,97,,,142,False,548527,True,69088,,easy,13424970,1767207600,2025-12-31T19:00:00Z,1,Mozambique,4783
858977,Christopher Operi,christopher-operi,D,Côte d'Ivoire,4768,5.0,0.0,181,0,,181,0.0,181,0.3,423,155,,,207,False,548346,True,68998,,easy,13424969,1767207600,2025-12-31T19:00:00Z,1,Gabon,4761
347028,Nader Ghandri,nader-ghandri,D,Tunisia,4729,5.0,0.0,162,0,0.0,162,0.0,162,0.3,426,154,,,207,False,548399,substitute,68670,,veryEasy,13424964,1767110400,2025-12-30T16:00:00Z,1,Tanzania,4835
918920,Salah Mohsen,salah-mohsen,F,Egypt,4758,5.0,0.0,99,0,0.0,99,0.0,99,0.3,492,93,,,142,False,548515,starter,68799,,medium,13424960,1767024000,2025-12-29T16:00:00Z,1,Angola,4692
1518180,Samukelo Kabini,samukelo-kabini,D,South Africa,4736,5.0,0.0,195,0,0.0,195,0.0,195,0.3,446,152,,,207,False,548866,substitute,68838,,easy,13424961,1767024000,2025-12-29T16:00:00Z,1,Zimbabwe,4719
302640,Johann Obiang,johann-obiang,D,Gabon,4761,5.0,0.0,144,0,,144,0.0,144,0.3,358,173,,,207,False,548889,True,69050,,hard,13424969,1767207600,2025-12-31T19:00:00Z,1,Côte d'Ivoire,4768
885260,Usman Mohammed,usman-mohammed,M,Nigeria,4785,5.0,0.0,181,0,,181,0.0,181,0.3,424,181,,,245,False,548460,True,68764,,easy,13424963,1767110400,2025-12-30T16:00:00Z,1,Uganda,4726
989361,Cédric Badolo,cedric-badolo,M,Burkina Faso,4749,5.0,0.0,226,0,,226,0.0,226,0.2,292,202,,,245,False,548567,True,69112,,easy,13424968,1767196800,2025-12-31T16:00:00Z,1,Sudan,4734
798307,David Kiki,david-kiki,D,Benin,4744,5.0,0.0,160,0,0.0,160,0.0,160,0.2,344,176,,,207,False,548611,substitute,68637,,veryHard,13424965,1767121200,2025-12-30T19:00:00Z,1,Senegal,4739
1103224,Ambina Fidèle Brice,ambina-fidele-brice,M,Cameroon,4751,5.0,0.0,196,0,,196,0.0,196,0.2,320,198,,,245,False,548540,True,69087,,easy,13424970,1767207600,2025-12-31T19:00:00Z,1,Mozambique,4783
1464131,Manuel Keliano,keliano-manuel,M,Angola,4692,5.0,0.0,203,0,0.0,203,0.0,203,0.2,257,216,,,245,False,548703,substitute,68803,,medium,13424960,1767024000,2025-12-29T16:00:00Z,1,Egypt,4758
1440515,Teddy Averlant,teddy-averlant,M,Gabon,4761,5.0,0.0,197,0,,197,0.0,197,0.2,257,215,,,245,False,548884,True,69064,,hard,13424969,1767207600,2025-12-31T19:00:00Z,1,Côte d'Ivoire,4768
933912,Mário Balbúrdia,mario-balburdia,M,Angola,4692,5.0,0.0,192,0,0.0,192,0.0,192,0.2,239,221,,,245,False,548707,substitute,68820,,medium,13424960,1767024000,2025-12-29T16:00:00Z,1,Egypt,4758
990622,Yasir Mozamil,yasir-mozamil,F,Sudan,4734,5.0,0.0,133,0,,133,0.0,133,0.2,247,120,,,142,False,548314,True,69146,,hard,13424968,1767196800,2025-12-31T16:00:00Z,1,Burkina Faso,4749
1471113,Chamito Alfandega,chamito-alfandega,F,Mozambique,4783,5.0,0.0,135,0,,135,0.0,135,0.1,146,139,,,142,False,548729,True,69039,,hard,13424970,1767207600,2025-12-31T19:00:00Z,1,Cameroon,4751
1390671,João Bonde,joao-bonde,M,Mozambique,4783,5.0,0.0,236,0,,236,0.0,236,0.1,173,240,,,245,False,548732,True,69033,,hard,13424970,1767207600,2025-12-31T19:00:00Z,1,Cameroon,4751
1085422,Baba Alhassan,alhassan-baba,M,Uganda,4726,5.0,-0.33,242,-1,1.0,242,-1.0,244,0.2,279,208,,,245,False,548739,starter,68705,,hard,13424963,1767110400,2025-12-30T16:00:00Z,1,Nigeria,4785
958722,Haji Mnoga,haji-mnoga,M,Tanzania,4835,4.9,0.33,171,1,0.0,166,0.5,156,0.2,254,217,,,245,False,548914,starter,68727,,veryHard,13424964,1767110400,2025-12-30T16:00:00Z,1,Tunisia,4729
333441,Yasser Ibrahim,yasser-ibrahim,D,Egypt,4758,4.6,6.0,19,18,1.0,11,8.5,10,4.1,5868,41,,4.0,207,False,548500,substitute,68797,,medium,13424960,1767024000,2025-12-29T16:00:00Z,1,Angola,4692
1881637,Willard Mwanza,willard-mwanza,G,Zambia,4720,4.5,7.67,4,23,7.0,2,8.0,4,1.0,1456,20,,,77,False,548788,starter,68970,,veryHard,13424958,1767034800,2025-12-29T19:00:00Z,1,Morocco,4778
1127768,Ernan,ernan,G,Mozambique,4783,4.5,7.0,6,14,,11,7.0,6,0.6,796,40,,,77,False,548721,True,69016,,hard,13424970,1767207600,2025-12-31T19:00:00Z,1,Cameroon,4751
792308,José Machín,jose-machin,M,Equatorial Guinea,8032,4.5,5.5,22,11,,32,5.5,18,0.7,1000,139,1.0,,245,False,548800,True,69169,,veryHard,13424967,1767196800,2025-12-31T16:00:00Z,1,Algeria,4691
284179,Carlos Akapo,carlos-akapo-martinez,D,Equatorial Guinea,8032,4.5,5.0,35,10,,53,5.0,38,0.9,1307,98,,,207,False,548801,True,69157,,veryHard,13424967,1767196800,2025-12-31T16:00:00Z,1,Algeria,4691
895949,Prince Dube,prince-dube,F,Zimbabwe,4719,4.5,4.67,14,14,4.0,12,5.0,13,1.0,1481,58,,,142,False,548461,starter,68877,,hard,13424961,1767024000,2025-12-29T16:00:00Z,1,South Africa,4736
1120453,Kenan Toibibou,kenan-toibibou,D,Comoros,23494,4.5,4.67,41,14,6.0,28,4.0,55,0.2,260,196,,,207,False,548372,starter,68902,,hard,13424959,1767034800,2025-12-29T19:00:00Z,1,Mali,4831
990965,Mustafa Karshoum,mustafa-karshoum,D,Sudan,4734,4.5,4.5,44,9,,65,4.5,50,0.3,419,156,,,207,False,548306,True,69129,,hard,13424968,1767196800,2025-12-31T16:00:00Z,1,Burkina Faso,4749
875106,Benson Sakala,benson-sakala,M,Zambia,4720,4.5,4.33,33,13,3.0,24,5.0,25,0.8,1139,135,,,245,False,548778,starter,68978,,veryHard,13424958,1767034800,2025-12-29T19:00:00Z,1,Morocco,4778
1101745,Tshepang Moremi,tshepang-moremi,M,South Africa,4736,4.5,4.33,34,13,7.0,25,3.0,55,0.6,881,142,2.0,,245,False,548859,starter,68847,,easy,13424961,1767024000,2025-12-29T16:00:00Z,1,Zimbabwe,4719
118368,Knowledge Musona,knowledge-musona,M,Zimbabwe,4719,4.5,4.0,39,8,,56,4.0,37,0.4,508,175,,,245,False,548464,True,68872,,hard,13424961,1767024000,2025-12-29T16:00:00Z,1,South Africa,4736
581328,Edson Mexer,edson-mexer,D,Mozambique,4783,4.5,4.0,57,8,,75,4.0,60,0.4,593,124,1.0,,207,False,548712,True,69021,,hard,13424970,1767207600,2025-12-31T19:00:00Z,1,Cameroon,4751
1140390,Mohamed Saeed Ahmed,mohamed-ering,D,Sudan,4734,4.5,4.0,58,8,,79,4.0,61,0.4,558,130,,,207,False,548299,True,69128,,hard,13424968,1767196800,2025-12-31T16:00:00Z,1,Burkina Faso,4749
1160856,Esteban Orozco,esteban-obiang,D,Equatorial Guinea,8032,4.5,4.0,54,8,,72,4.0,57,0.2,343,177,,,207,False,548806,True,69155,,veryHard,13424967,1767196800,2025-12-31T16:00:00Z,1,Algeria,4691
990688,Josete Miranda,josete-miranda,F,Equatorial Guinea,8032,4.5,4.0,23,4,,57,2.0,40,0.2,342,107,,,142,False,548804,True,69173,,veryHard,13424967,1767196800,2025-12-31T16:00:00Z,1,Algeria,4691
1097124,Aziz Kayondo,aziz-kayondo,D,Uganda,4726,4.5,3.67,63,11,2.0,50,4.5,52,0.5,663,118,,,207,False,548743,starter,68696,,hard,13424963,1767110400,2025-12-30T16:00:00Z,1,Nigeria,4785
990659,Jesús Owono,jesus-owono,G,Equatorial Guinea,8032,4.5,3.5,18,7,,20,3.5,17,0.8,1171,28,,,77,False,548797,True,69152,,veryHard,13424967,1767196800,2025-12-31T16:00:00Z,1,Algeria,4691
990542,Dominguês Pelembe,elias-pelembe-domingues,M,Mozambique,4783,4.5,3.5,51,7,,74,3.5,49,0.2,287,204,,,245,False,548719,True,69030,,hard,13424970,1767207600,2025-12-31T19:00:00Z,1,Cameroon,4751
592712,Faisal Abdul Bangal,faisal-abdul-bangal,F,Mozambique,4783,4.5,3.5,28,7,,37,3.5,26,0.1,191,133,,,142,False,548720,True,69035,,hard,13424970,1767207600,2025-12-31T19:00:00Z,1,Cameroon,4751
579712,Benjaloud Youssouf,benjaloud-youssouf,D,Comoros,23494,4.5,3.33,71,10,7.0,60,1.5,84,0.3,396,163,,,207,False,548367,starter,68893,,hard,13424959,1767034800,2025-12-29T19:00:00Z,1,Mali,4831
385388,Núrio Fortuna,nurio-fortuna,D,Angola,4692,4.5,3.33,68,10,10.0,56,0.0,122,0.3,412,157,,,207,False,548704,starter,68812,,medium,13424960,1767024000,2025-12-29T16:00:00Z,1,Egypt,4758
1048378,Mostafa Shobeir,mostafa-shobeir,G,Egypt,4758,4.5,3.0,20,9,9.0,16,0.0,27,1.6,2278,15,,,77,False,548498,starter,68796,,medium,13424960,1767024000,2025-12-29T16:00:00Z,1,Angola,4692
943633,Charles M'Mombwa,charles-mmombwa,M,Tanzania,4835,4.5,3.0,58,9,1.0,46,4.0,40,0.8,1185,134,,1.0,245,False,548910,substitute,68730,,veryHard,13424964,1767110400,2025-12-30T16:00:00Z,1,Tunisia,4729
1012578,Mohamed Ismail,mohamed-ismail,D,Egypt,4758,4.5,3.0,80,3,3.0,108,0.0,126,0.5,743,111,,,207,False,548511,starter,68798,,medium,13424960,1767024000,2025-12-29T16:00:00Z,1,Angola,4692
786269,Witi,witi,M,Mozambique,4783,4.5,3.0,60,6,,76,3.0,59,0.2,281,207,,,245,False,548716,True,69040,,hard,13424970,1767207600,2025-12-31T19:00:00Z,1,Cameroon,4751
886961,Mohamed Eisa,mohamed-eisa,F,Sudan,4734,4.5,3.0,35,6,,46,3.0,33,0.2,331,109,1.0,,142,False,548298,True,69149,,hard,13424968,1767196800,2025-12-31T16:00:00Z,1,Burkina Faso,4749
924403,Abo Eisa,abo-eisa,F,Sudan,4734,4.5,3.0,36,3,,60,1.5,49,0.2,254,116,,1.0,142,False,548310,True,69145,,hard,13424968,1767196800,2025-12-31T16:00:00Z,1,Burkina Faso,4749
932971,Gape Mohutsiwa,gape-mohutsiwa,M,Botswana,4747,4.5,2.67,67,8,1.0,55,3.5,52,0.2,221,227,,,245,False,548276,starter,68566,,veryHard,13424966,1767121200,2025-12-30T19:00:00Z,1,DR Congo,4823
369540,Sessi D'Almeida,sessi-dalmeida,M,Benin,4744,4.5,2.5,77,5,,101,2.5,72,0.5,685,159,,,245,False,548601,True,68646,,veryHard,13424965,1767121200,2025-12-30T19:00:00Z,1,Senegal,4739
943510,Manuel Kambala,manuel-kambala,M,Mozambique,4783,4.5,2.5,78,5,,102,2.5,73,0.2,249,219,,,245,False,548728,True,69031,,hard,13424970,1767207600,2025-12-31T19:00:00Z,1,Cameroon,4751
862001,Abdel Hakim Abdallah,abdel-hakim-abdallah,D,Comoros,23494,4.5,2.33,90,7,6.0,86,0.5,101,0.2,264,194,,,207,False,548366,starter,68901,,hard,13424959,1767034800,2025-12-29T19:00:00Z,1,Mali,4831
990661,Tumisang Orebonye,tumisang-orebonye,F,Botswana,4747,4.5,2.0,48,6,2.0,43,2.0,45,0.3,413,98,,,142,False,548270,substitute,68562,,veryHard,13424966,1767121200,2025-12-30T19:00:00Z,1,DR Congo,4823
1103854,Alphonce Msanga,alphonce-msanga,M,Tanzania,4835,4.5,2.0,91,6,1.0,81,2.5,74,0.2,237,222,,,245,False,548915,starter,68724,,veryHard,13424964,1767110400,2025-12-30T16:00:00Z,1,Tunisia,4729
1158921,Bill Antonio,bill-antonio,F,Zimbabwe,4719,4.5,2.0,47,6,2.0,42,2.0,44,0.2,243,121,,,142,False,548469,starter,68873,,hard,13424961,1767024000,2025-12-29T16:00:00Z,1,South Africa,4736
895139,Thabang Sesinyi,thabang-sesinyi,F,Botswana,4747,4.5,2.0,44,6,3.0,38,1.5,50,0.1,200,130,,,142,False,548273,starter,68564,,veryHard,13424966,1767121200,2025-12-30T19:00:00Z,1,DR Congo,4823
891887,Tarryn Allarakhia,tarryn-allarakhia,M,Tanzania,4835,4.5,1.67,98,5,0.0,93,2.5,77,0.2,343,193,,,245,False,548907,substitute,68738,,veryHard,13424964,1767110400,2025-12-30T16:00:00Z,1,Tunisia,4729
1881647,Owen Tembo,owen-tembo,M,Zambia,4720,4.5,1.67,92,5,0.0,82,2.5,75,0.2,284,205,,,245,False,548785,substitute,68963,,veryHard,13424958,1767034800,2025-12-29T19:00:00Z,1,Morocco,4778
868248,Toby Sibbick,toby-sibbick,D,Uganda,4726,4.5,1.67,96,5,2.0,92,1.5,86,0.2,321,184,,,207,False,548742,starter,68692,,hard,13424963,1767110400,2025-12-30T16:00:00Z,1,Nigeria,4785
880019,Mohamed Abdelrahman,mohamed-abdelrahman,F,Sudan,4734,4.5,1.5,57,3,,62,1.5,53,0.6,895,79,,,142,False,548296,True,69150,,hard,13424968,1767196800,2025-12-31T16:00:00Z,1,Burkina Faso,4749
1189773,Munashe Garananga,munashe-garananga,D,Zimbabwe,4719,4.5,1.5,98,3,1.0,106,1.0,93,0.2,306,188,,,207,False,548466,starter,68860,,hard,13424961,1767024000,2025-12-29T16:00:00Z,1,South Africa,4736
927493,Igoh Ogbu,igoh-ogbu,D,Nigeria,4785,4.5,1.33,101,4,4.0,96,0.0,131,0.7,967,103,,1.0,207,False,548455,starter,68755,,easy,13424963,1767110400,2025-12-30T16:00:00Z,1,Uganda,4726
990687,Thatayaone Ditlhokwe,thatayaone-ditlhokwe,D,Botswana,4747,4.5,1.33,100,4,-2.0,94,3.0,72,0.4,529,138,,,207,False,548271,starter,68555,,veryHard,13424966,1767121200,2025-12-30T19:00:00Z,1,DR Congo,4823
1192550,Miguel Changa Chaiwa,miguel-changa-chaiwa,M,Zambia,4720,4.5,1.33,104,4,1.0,100,1.5,89,0.4,580,126,,,207,False,548769,starter,68979,,veryHard,13424958,1767034800,2025-12-29T19:00:00Z,1,Morocco,4778
866162,Khalid Aucho,khalid-aucho,M,Uganda,4726,4.5,1.33,123,4,0.0,114,2.0,89,0.3,379,188,,,245,False,548737,substitute,68702,,hard,13424963,1767110400,2025-12-30T16:00:00Z,1,Nigeria,4785
1926607,Jude Ssemugabi,jude-ssemugabi,F,Uganda,4726,4.5,1.33,60,4,1.0,55,1.5,54,0.2,267,115,,,142,False,548745,substitute,68712,,hard,13424963,1767110400,2025-12-30T16:00:00Z,1,Nigeria,4785
1219096,Tebogo Kopelang,tebogo-kopelang,D,Botswana,4747,4.5,1.33,105,4,4.0,101,0.0,132,0.2,313,185,,,207,False,548283,substitute,68558,,veryHard,13424966,1767121200,2025-12-30T19:00:00Z,1,DR Congo,4823
866133,Denis Onyango,denis-onyango,G,Uganda,4726,4.5,1.0,24,3,1.0,24,1.0,24,0.8,1104,30,,,77,False,548738,starter,68689,,hard,13424963,1767110400,2025-12-30T16:00:00Z,1,Nigeria,4785
1005725,Tawanda Chirewa,tawanda-chirewa,M,Zimbabwe,4719,4.5,1.0,128,3,1.0,127,1.0,116,0.4,602,164,,,245,False,548463,substitute,68871,,hard,13424961,1767024000,2025-12-29T16:00:00Z,1,South Africa,4736
1471686,Joseph Sabobo,sabobo,M,Zambia,4720,4.5,1.0,125,3,1.0,117,1.0,114,0.2,251,218,,,245,False,548771,substitute,68965,,veryHard,13424958,1767034800,2025-12-29T19:00:00Z,1,Morocco,4778
1881596,David Simukonda,david-simukonda,M,Zambia,4720,4.5,1.0,135,2,,144,1.0,122,0.1,148,241,,,245,False,548789,True,68964,,veryHard,13424958,1767034800,2025-12-29T19:00:00Z,1,Morocco,4778
1632529,José Nabil,jose-nabil,F,Equatorial Guinea,8032,4.5,1.0,64,2,,64,1.0,61,0.1,143,140,,,142,False,548807,True,69175,,veryHard,13424967,1767196800,2025-12-31T16:00:00Z,1,Algeria,4691
359670,Francis Uzoho,francis-uzoho,G,Nigeria,4785,4.5,0.67,26,2,2.0,26,0.0,28,1.2,1760,19,,,77,False,548454,starter,68748,,easy,13424963,1767110400,2025-12-30T16:00:00Z,1,Uganda,4726
944009,Kabelo Seakanyeng,kabelo-seakanyeng,M,Botswana,4747,4.5,0.67,147,2,0.0,143,1.0,129,0.2,354,191,,,245,False,548272,starter,68567,,veryHard,13424966,1767121200,2025-12-30T19:00:00Z,1,DR Congo,4823
1526896,Romaric Amoussou,romaric-amoussou,M,Benin,4744,4.5,0.67,140,2,1.0,132,0.5,138,0.2,214,229,,,245,False,548617,substitute,68652,,veryHard,13424965,1767121200,2025-12-30T19:00:00Z,1,Senegal,4739
989894,Woyo Coulibaly,woyo-coulibaly,D,Mali,4831,4.5,0.5,125,1,,135,0.5,113,1.3,1857,83,,,207,False,548426,True,68921,,easy,13424959,1767034800,2025-12-29T19:00:00Z,1,Comoros,23494
1018822,Zineddine Belaid,zineddine-belaid,D,Algeria,4691,4.5,0.5,119,1,,119,0.5,107,0.7,1054,101,,,207,False,548595,True,69187,,veryEasy,13424967,1767196800,2025-12-31T16:00:00Z,1,Equatorial Guinea,8032
259063,Iban Salvador,salvador,F,Equatorial Guinea,8032,4.5,0.5,82,1,,88,0.5,77,0.5,748,87,,,142,False,548799,True,69172,,veryHard,13424967,1767196800,2025-12-31T16:00:00Z,1,Algeria,4691
864666,Teenage Hadebe,teenage-hadebe,D,Zimbabwe,4719,4.5,0.5,121,1,,124,0.5,109,0.2,298,190,,,207,False,548468,True,68864,,hard,13424961,1767024000,2025-12-29T16:00:00Z,1,South Africa,4736
911412,Clench Loufilou,clench-loufilou,M,Gabon,4761,4.5,0.5,156,1,,167,0.5,145,0.1,209,231,,,245,False,548894,True,69060,,hard,13424969,1767207600,2025-12-31T19:00:00Z,1,Côte d'Ivoire,4768
1564998,Relebohile Mofokeng,relebohile-mofokeng,M,South Africa,4736,4.5,0.33,161,1,0.0,152,0.5,149,1.7,2347,73,,1.0,245,False,548846,substitute,68852,,easy,13424961,1767024000,2025-12-29T16:00:00Z,1,Zimbabwe,4719
1191892,Tochukwu Nnadi,tochukwu-nadi,M,Nigeria,4785,4.5,0.33,173,1,1.0,170,0.0,175,0.6,844,145,,,245,False,548458,substitute,68761,,easy,13424963,1767110400,2025-12-30T16:00:00Z,1,Uganda,4726
944125,Divine Lunga,divine-lunga,D,Zimbabwe,4719,4.5,0.33,131,1,0.0,125,0.5,118,0.5,674,117,1.0,,207,False,548465,starter,68866,,hard,13424961,1767024000,2025-12-29T16:00:00Z,1,South Africa,4736
1471539,Abdoul Rachid Moumini,abdoul-moumini,D,Benin,4744,4.5,0.33,132,1,-4.0,126,2.5,75,0.4,628,121,,,207,False,548610,substitute,68638,,veryHard,13424965,1767121200,2025-12-30T19:00:00Z,1,Senegal,4739
333165,Jodel Dossou,jodel-dossou,F,Benin,4744,4.5,0.33,91,1,0.0,90,0.5,81,0.2,293,112,,,142,False,548603,substitute,68653,,veryHard,13424965,1767121200,2025-12-30T19:00:00Z,1,Senegal,4739
1035696,Rémy Vita,remy-vita,D,Comoros,23494,4.5,0.33,135,1,0.0,133,0.5,120,0.2,264,193,,,207,False,548357,substitute,68892,,hard,13424959,1767034800,2025-12-29T19:00:00Z,1,Mali,4831
2079101,Wilson Chisala,wilson-chisala,M,Zambia,4720,4.5,0.33,162,1,0.0,153,0.5,150,0.2,229,224,,,245,False,548787,substitute,68983,,veryHard,13424958,1767034800,2025-12-29T19:00:00Z,1,Morocco,4778
1471543,Rodolfo Aloko,rodolfo-aloko,M,Benin,4744,4.5,0.33,175,1,1.0,173,0.0,176,0.2,304,200,,,245,False,548607,substitute,68651,,veryHard,13424965,1767121200,2025-12-30T19:00:00Z,1,Senegal,4739
1910527,Joseph Liteta,joseph-liteta,M,Zambia,4720,4.5,0.33,177,1,1.0,177,0.0,177,0.1,196,233,,,245,False,548774,starter,68980,,veryHard,13424958,1767034800,2025-12-29T19:00:00Z,1,Morocco,4778
826201,Alban Lafont,alban-lafont,G,Côte d'Ivoire,4768,4.5,0.0,44,0,,44,0.0,45,2.0,2774,13,,,77,False,548338,True,69002,,easy,13424969,1767207600,2025-12-31T19:00:00Z,1,Gabon,4761
919198,Firas Chaouat,firas-chaouat,F,Tunisia,4729,4.5,0.0,115,0,0.0,115,0.0,115,1.1,1503,55,,,142,False,548387,substitute,68684,,veryEasy,13424964,1767110400,2025-12-30T16:00:00Z,1,Tanzania,4835
1397747,Ilay Camara,camara-ilay,M,Senegal,4739,4.5,0.0,195,0,,195,0.0,195,1.0,1401,124,,,245,False,548674,True,68614,,veryEasy,13424965,1767121200,2025-12-30T19:00:00Z,1,Benin,4744
927616,Timothy Fayulu,timothy-fayulu,G,DR Congo,4823,4.5,0.0,66,0,0.0,66,0.0,67,1.0,1408,22,,,77,False,548843,substitute,68579,,veryEasy,13424966,1767121200,2025-12-30T19:00:00Z,1,Botswana,4747
845183,Yehvann Diouf,yehvann-diouf,G,Senegal,4739,4.5,0.0,37,0,0.0,37,0.0,38,0.9,1317,25,,,77,False,548680,substitute,68604,,veryEasy,13424965,1767121200,2025-12-30T19:00:00Z,1,Benin,4744
992026,Rassoul Ndiaye,rassoul-ndiaye,M,Senegal,4739,4.5,0.0,204,0,,204,0.0,204,0.9,1273,129,,,245,False,548681,True,68616,,veryEasy,13424965,1767121200,2025-12-30T19:00:00Z,1,Benin,4744
841931,Ahmed El-Shenawy,el-shenawy-ahmed,G,Egypt,4758,4.5,0.0,54,0,0.0,54,0.0,55,0.9,1318,24,,,77,False,548514,substitute,68795,,medium,13424960,1767024000,2025-12-29T16:00:00Z,1,Angola,4692
360868,Anthony Mandrea,anthony-mandrea,G,Algeria,4691,4.5,0.0,40,0,,40,0.0,41,0.8,1149,29,,,77,False,548593,True,69182,,veryEasy,13424967,1767196800,2025-12-31T16:00:00Z,1,Equatorial Guinea,8032
141967,Munir El Kajoui,munir-mohamedi,G,Morocco,4778,4.5,0.0,51,0,0.0,51,0.0,52,0.6,841,37,,,77,False,548649,substitute,68936,,veryEasy,13424958,1767034800,2025-12-29T19:00:00Z,1,Zambia,4720
1155596,Mamadou Lamine Camara,camara-mamadou-lamine,M,Senegal,4739,4.5,0.0,198,0,0.0,198,0.0,198,0.6,873,143,,,245,False,548677,substitute,68617,,veryEasy,13424965,1767121200,2025-12-30T19:00:00Z,1,Benin,4744
2073087,Yakoub Suleiman,yakoub-suleiman,G,Tanzania,4835,4.5,0.0,55,0,,55,0.0,56,0.6,868,36,,,77,False,548905,True,68718,,veryHard,13424964,1767110400,2025-12-30T16:00:00Z,1,Tunisia,4729
902117,Nkosinathi Sibisi,nkosinathi-sibisi,D,South Africa,4736,4.5,0.0,180,0,0.0,180,0.0,180,0.6,900,105,,,207,False,548862,substitute,68834,,easy,13424961,1767024000,2025-12-29T16:00:00Z,1,Zimbabwe,4719
1149858,Kilian Nikièma,kilian-nikiema,G,Burkina Faso,4749,4.5,0.0,30,0,,30,0.0,31,0.5,656,49,,,77,False,548564,True,69102,,easy,13424968,1767196800,2025-12-31T16:00:00Z,1,Sudan,4734
903610,Sipho Chaine,sipho-chaine,G,South Africa,4736,4.5,0.0,29,0,0.0,29,0.0,30,0.5,754,42,,,77,False,548861,substitute,68831,,easy,13424961,1767024000,2025-12-29T16:00:00Z,1,Zimbabwe,4719
943694,Elvis Chipezeze,elvis-chipezeze,G,Zimbabwe,4719,4.5,0.0,41,0,0.0,41,0.0,42,0.5,734,44,,,77,False,548474,substitute,68855,,hard,13424961,1767024000,2025-12-29T16:00:00Z,1,South Africa,4736
1000384,Ali Abdallah Abu-Eshrein,ali-abdallah-abu-eshrein,G,Sudan,4734,4.5,0.0,43,0,,43,0.0,44,0.5,729,45,,,77,False,548318,True,69126,,hard,13424968,1767196800,2025-12-31T16:00:00Z,1,Burkina Faso,4749
932983,Keagile Kgosipula,keagile-kgosipula,G,Botswana,4747,4.5,0.0,56,0,0.0,56,0.0,57,0.5,747,43,,,77,False,548285,substitute,68569,,veryHard,13424966,1767121200,2025-12-30T19:00:00Z,1,DR Congo,4823
919484,Youssef Belammari,youssef-belammari,D,Morocco,4778,4.5,0.0,157,0,0.0,157,0.0,157,0.4,574,127,,,207,False,548652,substitute,68991,,veryEasy,13424958,1767034800,2025-12-29T19:00:00Z,1,Zambia,4720
1019957,Steve Kapuadi,kapuadi-steve,D,DR Congo,4823,4.5,0.0,169,0,0.0,169,0.0,169,0.4,602,123,,,207,False,548845,substitute,68587,,veryEasy,13424966,1767121200,2025-12-30T19:00:00Z,1,Botswana,4747
1102988,Pedro Bondo,pedro-bondo,D,Angola,4692,4.5,0.0,184,0,,184,0.0,184,0.4,524,140,,,207,False,548700,True,68813,,medium,13424960,1767024000,2025-12-29T16:00:00Z,1,Egypt,4758
1910804,Khulumani Ndamane,khulumani-ndamane,D,South Africa,4736,4.5,0.0,142,0,0.0,142,0.0,142,0.4,501,147,,,207,False,548868,substitute,68836,,easy,13424961,1767024000,2025-12-29T16:00:00Z,1,Zimbabwe,4719
134242,Antonio Signori Dominique,antonio-signori,G,Angola,4692,4.5,0.0,59,0,0.0,59,0.0,60,0.4,587,51,,,77,False,548706,substitute,68808,,medium,13424960,1767024000,2025-12-29T16:00:00Z,1,Egypt,4758
786325,Aitor Embela Gil,aitor-embela-gil,G,Equatorial Guinea,8032,4.5,0.0,73,0,,73,0.0,74,0.4,555,53,,,77,False,548817,True,69154,,veryHard,13424967,1767196800,2025-12-31T16:00:00Z,1,Algeria,4691
1563456,Abdoul Rachid Ayinde,abdoul-rachid-ayinde,D,Burkina Faso,4749,4.5,0.0,165,0,,165,0.0,165,0.3,397,162,,,207,False,548566,True,69110,,easy,13424968,1767196800,2025-12-31T16:00:00Z,1,Sudan,4734
2140233,Wilson Nangu,w-nangu,D,Tanzania,4835,4.5,0.0,153,0,0.0,153,0.0,153,0.3,366,170,,,207,False,548904,substitute,68725,,veryHard,13424964,1767110400,2025-12-30T16:00:00Z,1,Tunisia,4729
1141093,Morice Abraham,morice-abraham,M,Tanzania,4835,4.5,0.0,190,0,,190,0.0,190,0.3,388,187,,,245,False,548906,True,68731,,veryHard,13424964,1767110400,2025-12-30T16:00:00Z,1,Tunisia,4729
1091971,Armel Junior Zohouri,zohouri-armel-junior,D,Côte d'Ivoire,4768,4.5,0.0,194,0,,194,0.0,194,0.3,482,149,,,207,False,548350,True,69008,,easy,13424969,1767207600,2025-12-31T19:00:00Z,1,Gabon,4761
1397934,Urie-Michel Mboula,urie-michel-mboula,D,Gabon,4761,4.5,0.0,198,0,,198,0.0,198,0.3,379,166,,,207,False,548887,True,69056,,hard,13424969,1767207600,2025-12-31T19:00:00Z,1,Côte d'Ivoire,4768
877228,Eddie Afonso,eddie-afonso,D,Angola,4692,4.5,0.0,174,0,0.0,174,0.0,174,0.3,494,148,,,207,False,548708,substitute,68810,,medium,13424960,1767024000,2025-12-29T16:00:00Z,1,Egypt,4758
2171632,Razack Rachidou,razack-rachidou,M,Benin,4744,4.5,0.0,180,0,0.0,180,0.0,180,0.2,245,220,,,245,False,548612,substitute,68656,,veryHard,13424965,1767121200,2025-12-30T19:00:00Z,1,Senegal,4739
972819,Rodrigue Kossi,rodrigue-kossi,M,Benin,4744,4.5,0.0,187,0,0.0,187,0.0,187,0.2,276,210,,,245,False,548618,substitute,68649,,veryHard,13424965,1767121200,2025-12-30T19:00:00Z,1,Senegal,4739
1183667,Obino Chisala,obino-chisala,M,Zambia,4720,4.5,0.0,238,0,0.0,238,0.0,238,0.2,228,225,,,245,False,548780,substitute,68976,,veryHard,13424958,1767034800,2025-12-29T19:00:00Z,1,Morocco,4778
990975,Feliciano Jone Nenê,feliciano-jone-nene,D,Mozambique,4783,4.5,0.0,175,0,,175,0.0,175,0.2,355,174,,,207,False,548722,True,69026,,hard,13424970,1767207600,2025-12-31T19:00:00Z,1,Cameroon,4751
1807613,Aboubacar Ali Abdallah,aboubacar-ali-abdallah,F,Comoros,23494,4.5,0.0,134,0,0.0,134,0.0,134,0.2,234,124,,,142,False,548362,substitute,68886,,hard,13424959,1767034800,2025-12-29T19:00:00Z,1,Mali,4831
1167698,Alex Balboa,alex-balboa,M,Equatorial Guinea,8032,4.5,0.0,218,0,,218,0.0,218,0.2,259,214,,1.0,245,False,548808,True,69168,,veryHard,13424967,1767196800,2025-12-31T16:00:00Z,1,Algeria,4691
1218079,Zaïd Amir,zaid-amir,F,Comoros,23494,4.5,0.0,96,0,0.0,96,0.0,96,0.2,235,123,,,142,False,548369,substitute,68885,,hard,13424959,1767034800,2025-12-29T19:00:00Z,1,Mali,4831
1128559,Aymeric Ahmed,aymeric-ahmed,M,Comoros,23494,4.5,0.0,219,0,0.0,219,0.0,219,0.2,282,206,,,245,False,548373,substitute,68883,,hard,13424959,1767034800,2025-12-29T19:00:00Z,1,Mali,4831
1167501,Kelvin Nashon,kelvin-nashon,M,Tanzania,4835,4.5,0.0,207,0,0.0,207,0.0,207,0.2,219,228,,,245,False,548924,substitute,68736,,veryHard,13424964,1767110400,2025-12-30T16:00:00Z,1,Tunisia,4729
1014120,Alex Masogo,alex-masogo,M,Equatorial Guinea,8032,4.5,0.0,199,0,,199,0.0,199,0.2,262,213,,,245,False,548816,True,69167,,veryHard,13424967,1767196800,2025-12-31T16:00:00Z,1,Algeria,4691
876474,Jack Lahne,jack-lahne,F,Zambia,4720,4.5,0.0,126,0,0.0,126,0.0,126,0.1,177,135,,,142,False,548775,substitute,68967,,veryHard,13424958,1767034800,2025-12-29T19:00:00Z,1,Morocco,4778
881952,Matteo Ahlinvi,matteo-ahlinvi,F,Benin,4744,4.5,0.0,122,0,0.0,122,0.0,122,0.1,205,129,,,142,False,548616,substitute,68643,,veryHard,13424965,1767121200,2025-12-30T19:00:00Z,1,Senegal,4739
1831353,Mariano Ahouangbo,mariano-ahouangbo,M,Benin,4744,4.5,0.0,183,0,0.0,183,0.0,183,0.1,208,232,,,245,False,548619,substitute,68644,,veryHard,13424965,1767121200,2025-12-30T19:00:00Z,1,Senegal,4739
2043412,Adam Akimey,adam-akimey,M,Benin,4744,4.5,0.0,235,0,,235,0.0,235,0.1,213,230,,,245,False,548621,True,68650,,veryHard,13424965,1767121200,2025-12-30T19:00:00Z,1,Senegal,4739
1503653,Edlin Essang-Matouti,edlin-randy-essang-matouti,F,Gabon,4761,4.5,0.0,129,0,,129,0.0,129,0.1,189,134,,,142,False,548893,True,69066,,hard,13424969,1767207600,2025-12-31T19:00:00Z,1,Côte d'Ivoire,4768
1471542,Olatoundji Tessilimi,olatoundji-tessilimi,F,Benin,4744,4.5,0.0,97,0,0.0,97,0.0,97,0.1,160,137,,,142,False,548624,substitute,68657,,veryHard,13424965,1767121200,2025-12-30T19:00:00Z,1,Senegal,4739
1536806,Gislain Ahoudo,gislain-ahoudo,M,Benin,4744,4.5,0.0,186,0,0.0,186,0.0,186,0.1,190,234,,,245,False,548623,substitute,68645,,veryHard,13424965,1767121200,2025-12-30T19:00:00Z,1,Senegal,4739
152807,Melvyn Lorenzen,melvyn-lorenzen,F,Uganda,4726,4.5,0.0,120,0,0.0,120,0.0,120,0.1,193,132,,,142,False,548754,substitute,68707,,hard,13424963,1767110400,2025-12-30T16:00:00Z,1,Nigeria,4785
867523,Gildo,gildo,F,Mozambique,4783,4.5,0.0,137,0,,137,0.0,137,0.1,159,138,,,142,False,548724,True,69036,,hard,13424970,1767207600,2025-12-31T19:00:00Z,1,Cameroon,4751
2361688,Given Kalusa,given-kalusa,M,Zambia,4720,4.5,0.0,188,0,0.0,188,0.0,188,0.1,181,238,,,245,False,548791,substitute,68982,,veryHard,13424958,1767034800,2025-12-29T19:00:00Z,1,Morocco,4778
1160221,Gael Akogo Esono,gael-akogo-esono,M,Equatorial Guinea,8032,4.5,0.0,201,0,,201,0.0,201,0.1,175,239,,,245,False,548811,True,69174,,veryHard,13424967,1767196800,2025-12-31T16:00:00Z,1,Algeria,4691
1861908,Khalid Habibu,khalid-habibu,M,Tanzania,4835,4.5,0.0,239,0,0.0,239,0.0,239,0.1,188,236,,,245,False,548921,substitute,68737,,veryHard,13424964,1767110400,2025-12-30T16:00:00Z,1,Tunisia,4729
2137901,Eliya Mandanji,eliya-mandanji,F,Zambia,4720,4.5,0.0,125,0,0.0,125,0.0,125,0.1,165,136,,,142,False,548790,substitute,68989,,veryHard,13424958,1767034800,2025-12-29T19:00:00Z,1,Morocco,4778
1103334,Keyns Abdala,abdala-keyns,M,Mozambique,4783,4.5,0.0,229,0,,229,0.0,229,0.1,185,237,,,245,False,548730,True,69032,,hard,13424970,1767207600,2025-12-31T19:00:00Z,1,Cameroon,4751
2421247,Rachid Moumini,moumini-rachid,D,Benin,4744,4.5,0.0,164,0,,164,0.0,164,0.0,5,206,,,207,False,558318,True,69846,,veryHard,13424965,1767121200,2025-12-30T19:00:00Z,1,Senegal,4739
2421251,Attidjikou Samadou,samadou-attidjikou,M,Benin,4744,4.5,0.0,227,0,,227,0.0,227,0.0,5,243,,,245,False,558320,True,69847,,veryHard,13424965,1767121200,2025-12-30T19:00:00Z,1,Senegal,4739
2421716,Mohamed Ahmed,mohamed-ahmed,D,Sudan,4734,4.5,0.0,189,0,,189,0.0,189,0.0,6,205,,,207,False,558322,True,69848,,hard,13424968,1767196800,2025-12-31T16:00:00Z,1,Burkina Faso,4749
2423358,John Otenyal Khames Robia,khames-robia-john-otenyal,F,Sudan,4734,4.5,0.0,118,0,,118,0.0,118,0.0,0,142,,,142,False,559111,True,69858,,hard,13424968,1767196800,2025-12-31T16:00:00Z,1,Burkina Faso,4749
2421727,Awad Zayed Bakheit Gadin,zayed-bakheit-gadin-awad,D,Sudan,4734,4.5,0.0,197,0,,197,0.0,197,0.0,8,204,,,207,False,558328,True,69851,,hard,13424968,1767196800,2025-12-31T16:00:00Z,1,Burkina Faso,4749
2423267,Chamboco,chamboco,M,Mozambique,4783,4.5,0.0,215,0,,215,0.0,215,0.0,0,245,,,245,False,559109,True,69856,,hard,13424970,1767207600,2025-12-31T19:00:00Z,1,Cameroon,4751
2421726,Mohamed Abdulrahman,abdulrahman-mohamed,F,Sudan,4734,4.5,0.0,114,0,,114,0.0,114,0.0,6,141,,,142,False,558326,True,69850,,hard,13424968,1767196800,2025-12-31T16:00:00Z,1,Burkina Faso,4749
2422659,Ronald Ssekiganda,ssekiganda-ronald,M,Uganda,4726,4.5,0.0,214,0,,214,0.0,214,0.0,0,244,,,245,False,559108,True,69855,,hard,13424963,1767110400,2025-12-30T16:00:00Z,1,Nigeria,4785
2421725,Al Gozoli Hussien,al-gozoli-hussien,M,Sudan,4734,4.5,0.0,228,0,,228,0.0,228,0.0,6,242,,,245,False,558324,True,69849,,hard,13424968,1767196800,2025-12-31T16:00:00Z,1,Burkina Faso,4749
2423361,Altayeb Abdulrazzaq,abdulrazzaq-altayeb,D,Sudan,4734,4.5,0.0,177,0,,177,0.0,177,0.0,0,207,,,207,False,559112,True,69859,,hard,13424968,1767196800,2025-12-31T16:00:00Z,1,Burkina Faso,4749
2423357,Monged Elneel Abuzaid Salman,abuzaid-salman-monged-elneel,G,Sudan,4734,4.5,0.0,52,0,,52,0.0,53,0.0,0,77,,,77,False,559110,True,69857,,hard,13424968,1767196800,2025-12-31T16:00:00Z,1,Burkina Faso,4749
880510,Salim Jamal Magoola,salim-jamal-magoola,G,Uganda,4726,4.5,-0.67,77,-2,-4.0,77,1.0,25,0.5,662,47,,,77,False,548750,substitute,68688,,hard,13424963,1767110400,2025-12-30T16:00:00Z,1,Nigeria,4785
332547,Ali Maâloul,ali-maaloul,D,Tunisia,4729,4.4,0.0,170,0,0.0,170,0.0,170,3.2,4540,45,,,207,False,548377,substitute,68673,,veryEasy,13424964,1767110400,2025-12-30T16:00:00Z,1,Tanzania,4835
922372,Basilio Ndong,basilio-ndong,D,Equatorial Guinea,8032,4.4,-3.0,207,-3,,207,-1.5,207,0.3,389,164,,,207,False,548803,True,69159,,veryHard,13424967,1767196800,2025-12-31T16:00:00Z,1,Algeria,4691
982610,Amadou Dante,amadou-dante,D,Mali,4831,4.1,1.33,103,4,0.0,98,2.0,80,6.4,9129,22,,,207,False,548423,substitute,68930,,easy,13424959,1767034800,2025-12-29T19:00:00Z,1,Comoros,23494
1008358,Stanley Nwabali,stanley-nwabali,G,Nigeria,4785,4.1,1.0,25,3,0.0,25,1.5,23,10.2,14449,6,1.0,,77,False,548443,substitute,68746,,easy,13424963,1767110400,2025-12-30T16:00:00Z,1,Uganda,4726
1015009,Goitseone Phoko,goitseone-phoko,G,Botswana,4747,4.0,6.67,8,20,5.0,4,7.5,5,2.5,3624,11,,1.0,77,False,548284,starter,68554,,veryHard,13424966,1767121200,2025-12-30T19:00:00Z,1,DR Congo,4823
1471571,Mathews Banda,mathews-banda,D,Zambia,4720,4.0,6.33,15,19,3.0,6,8.0,13,1.6,2325,77,1.0,,207,False,548782,starter,68973,,veryHard,13424958,1767034800,2025-12-29T19:00:00Z,1,Morocco,4778
862748,Washington Arubi,washington-arubi,G,Zimbabwe,4719,4.0,6.0,10,18,5.0,7,6.5,8,0.7,1000,32,,,77,False,548475,starter,68854,,hard,13424961,1767024000,2025-12-29T16:00:00Z,1,South Africa,4736
59783,Hugo Marques,hugo-marques,G,Angola,4692,4.0,5.67,11,17,10.0,9,3.5,16,0.3,421,66,,,77,False,551379,starter,69719,,medium,13424960,1767024000,2025-12-29T16:00:00Z,1,Egypt,4758
892083,Diogo Calila,diogo-calila,M,Mozambique,4783,4.0,5.5,23,11,,34,5.5,19,0.9,1234,130,1.0,,245,False,548717,True,69020,,hard,13424970,1767207600,2025-12-31T19:00:00Z,1,Cameroon,4751
949472,Marvin Anieboh,marvin-anieboh,D,Equatorial Guinea,8032,4.0,5.5,28,11,,48,5.5,32,0.5,771,110,,,207,False,548814,True,69156,,veryHard,13424967,1767196800,2025-12-31T16:00:00Z,1,Algeria,4691
1083196,Dominic Chanda,dominic-chanda,D,Zambia,4720,4.0,5.33,29,16,3.0,17,6.5,21,0.4,511,144,,,207,False,548781,starter,68974,,veryHard,13424958,1767034800,2025-12-29T19:00:00Z,1,Morocco,4778
978474,Mohamed Tijani,mohamed-tijani,D,Benin,4744,4.0,5.0,36,10,1.0,54,4.5,47,1.1,1587,89,,,207,False,548609,starter,68641,,veryHard,13424965,1767121200,2025-12-30T19:00:00Z,1,Senegal,4739
370710,Guima,ricardo-guimaraes-guima,M,Mozambique,4783,4.0,4.5,28,9,,43,4.5,28,1.3,1884,97,,,245,False,548714,True,69028,,hard,13424970,1767207600,2025-12-31T19:00:00Z,1,Cameroon,4751
1090189,Monged Elneel,monged-elneel,G,Sudan,4734,4.0,4.5,14,9,,17,4.5,13,0.4,498,59,,,77,False,548312,True,69127,,hard,13424968,1767196800,2025-12-31T16:00:00Z,1,Burkina Faso,4749
1000484,Marcel Dandjinou,marcel-dandjinou,G,Benin,4744,4.0,4.5,15,9,3.0,18,3.0,19,0.4,630,50,,,77,False,548614,starter,68632,,veryHard,13424965,1767121200,2025-12-30T19:00:00Z,1,Senegal,4739
1831357,Emmanuel Jalai,emmanuel-jalai,D,Zimbabwe,4719,4.0,4.0,50,12,0.0,38,6.0,29,1.4,1962,81,,,207,False,548479,substitute,68858,,hard,13424961,1767024000,2025-12-29T16:00:00Z,1,South Africa,4736
1191258,Nathan Gassama,gassama-nathan,D,Mali,4831,4.0,4.0,49,12,9.0,37,1.5,82,0.6,891,106,,,207,False,548432,starter,68922,,easy,13424959,1767034800,2025-12-29T19:00:00Z,1,Comoros,23494
932978,Mosha Gaolaolwe,mosha-gaolaolwe,D,Botswana,4747,4.0,4.0,53,12,4.0,43,4.0,56,0.3,411,158,,,207,False,548279,starter,68556,,veryHard,13424966,1767121200,2025-12-30T19:00:00Z,1,DR Congo,4823
1442184,Sheddy Barglan,sheddy-barglan,D,Sudan,4734,4.0,4.0,55,8,,73,4.0,58,0.2,299,189,,,207,False,548315,True,69135,,hard,13424968,1767196800,2025-12-31T16:00:00Z,1,Burkina Faso,4749
1567916,Denis Omedi,denis-omedi,F,Uganda,4726,4.0,3.67,25,11,0.0,20,5.5,12,1.0,1388,60,,,142,False,548749,starter,68709,,hard,13424963,1767110400,2025-12-30T16:00:00Z,1,Nigeria,4785
1397744,Tamimou Ouorou,tamimou-ouorou,D,Benin,4744,4.0,3.67,62,11,1.0,49,5.0,44,1.0,1355,96,1.0,,207,False,548613,starter,68639,,veryHard,13424965,1767121200,2025-12-30T19:00:00Z,1,Senegal,4739
1014528,Jonah Fabisch,jonah-fabisch,M,Zimbabwe,4719,4.0,3.67,44,11,6.0,35,2.5,65,0.6,787,149,,,245,False,548471,starter,68868,,hard,13424961,1767024000,2025-12-29T16:00:00Z,1,South Africa,4736
921422,Gerald Takwara,takwara-gerald,D,Zimbabwe,4719,4.0,3.67,59,11,1.0,45,5.0,42,0.5,646,119,,,207,False,548477,starter,68861,,hard,13424961,1767024000,2025-12-29T16:00:00Z,1,South Africa,4736
863904,Ahmed Soilihi,ahmed-soilihi,D,Comoros,23494,4.0,3.67,61,11,1.0,47,5.0,43,0.3,477,150,,,207,False,548371,starter,68904,,hard,13424959,1767034800,2025-12-29T19:00:00Z,1,Mali,4831
1017196,Abdelrazig Omer,abdelrazig-omer,M,Sudan,4734,4.0,3.5,48,7,,64,3.5,46,1.6,2269,75,,,245,False,548297,True,69143,,hard,13424968,1767196800,2025-12-31T16:00:00Z,1,Burkina Faso,4749
1012602,Ammar Taifour,ammar-taifour,M,Sudan,4734,4.0,3.5,50,7,,69,3.5,48,0.4,616,162,,,245,False,548308,True,69139,,hard,13424968,1767196800,2025-12-31T16:00:00Z,1,Burkina Faso,4749
1536343,Yannis Kari,yannis-kari,D,Comoros,23494,4.0,3.33,70,10,7.0,59,1.5,83,0.5,707,116,,,207,False,548376,starter,68884,,hard,13424959,1767034800,2025-12-29T19:00:00Z,1,Mali,4831
1006431,Bakari Mwamnyeto,bakari-nondo,D,Tanzania,4835,4.0,3.0,76,9,0.0,68,4.5,53,1.1,1611,87,,,207,False,548912,starter,68745,,veryHard,13424964,1767110400,2025-12-30T16:00:00Z,1,Tunisia,4729
880024,Bakhit Khamis,bakhit-khamis,D,Sudan,4734,4.0,3.0,79,6,,88,3.0,69,0.4,566,129,,,207,False,548304,True,69133,,hard,13424968,1767196800,2025-12-31T16:00:00Z,1,Burkina Faso,4749
1097159,Byaruhanga Bobosi,byaruhanga-bobosi,M,Uganda,4726,4.0,3.0,59,9,3.0,47,3.0,58,0.3,399,185,,,245,False,548752,starter,68704,,hard,13424963,1767110400,2025-12-30T16:00:00Z,1,Nigeria,4785
880502,Mohamed Abuaagla,mohamed-abuaagla,M,Sudan,4734,4.0,3.0,61,3,,119,1.5,92,0.2,321,197,,,245,False,548311,True,69140,,hard,13424968,1767196800,2025-12-31T16:00:00Z,1,Burkina Faso,4749
1172369,Travis Mutyaba,mutyaba-travis,M,Uganda,4726,4.0,2.67,64,8,2.0,52,3.0,61,1.1,1555,110,,,245,False,548736,starter,68708,,hard,13424963,1767110400,2025-12-30T16:00:00Z,1,Nigeria,4785
1103606,Zuberi Foba Masudi,zuberi-foba-masudi,G,Tanzania,4835,4.0,2.67,21,8,0.0,19,4.0,15,0.3,445,64,,,77,False,548920,substitute,68719,,veryHard,13424964,1767110400,2025-12-30T16:00:00Z,1,Tunisia,4729
368128,Uche Ikpeazu,uche-ikpeazu,F,Uganda,4726,4.0,2.67,38,8,3.0,28,2.5,35,0.2,274,113,,,142,False,548747,starter,68713,,hard,13424963,1767110400,2025-12-30T16:00:00Z,1,Nigeria,4785
990960,Mothusi Johnson,mothusi-johnson,D,Botswana,4747,4.0,2.67,82,8,3.0,76,2.5,73,0.2,330,179,,,207,False,548281,starter,68553,,veryHard,13424966,1767121200,2025-12-30T19:00:00Z,1,DR Congo,4823
556904,Marvelous Nakamba,marvelous-nakamba,M,Zimbabwe,4719,4.0,2.33,86,7,-2.0,73,4.5,33,3.9,5598,26,2.0,1.0,245,False,548462,starter,68867,,hard,13424961,1767024000,2025-12-29T16:00:00Z,1,South Africa,4736
1103343,Kenneth Semakula,kenneth-semakula,D,Uganda,4726,4.0,2.33,80,7,1.0,65,3.0,62,0.6,801,148,,,245,False,548741,starter,68701,,hard,13424963,1767110400,2025-12-30T16:00:00Z,1,Nigeria,4785
2033769,Mick Onfia,mick-onfia,D,Gabon,4761,4.0,2.0,95,4,,99,2.0,79,0.3,381,165,,,207,False,548892,True,69068,,hard,13424969,1767207600,2025-12-31T19:00:00Z,1,Côte d'Ivoire,4768
990958,Mothusi Cooper,mothusi-cooper,M,Botswana,4747,4.0,1.67,101,5,2.0,98,1.5,95,0.5,713,156,,,245,False,548274,starter,68571,,veryHard,13424966,1767121200,2025-12-30T19:00:00Z,1,DR Congo,4823
1612209,Daniel Msendami,daniel-msendami,M,Zimbabwe,4719,4.0,1.67,99,5,1.0,95,2.0,86,0.3,456,179,,,245,False,548478,starter,68876,,hard,13424961,1767024000,2025-12-29T16:00:00Z,1,South Africa,4736
1106507,Aamir Abdallah,amar-abdallah,M,Sudan,4734,4.0,1.5,111,3,,128,1.5,104,0.6,824,147,,,245,False,548316,True,69147,,hard,13424968,1767196800,2025-12-31T16:00:00Z,1,Burkina Faso,4749
990652,Walieldin Khidir,walieldin-khidir,M,Sudan,4734,4.0,1.5,105,3,,118,1.5,98,0.4,627,161,,,245,False,548300,True,69141,,hard,13424968,1767196800,2025-12-31T16:00:00Z,1,Burkina Faso,4749
1169803,Awad Zayed,awad-zayed,D,Sudan,4734,4.0,1.5,97,3,,104,1.5,87,0.4,585,125,,,207,False,548321,True,69137,,hard,13424968,1767196800,2025-12-31T16:00:00Z,1,Burkina Faso,4749
990641,Nanani Infren,infren-matola,D,Mozambique,4783,4.0,1.5,99,3,,107,1.5,88,0.2,337,178,,,207,False,548723,True,69024,,hard,13424970,1767207600,2025-12-31T19:00:00Z,1,Cameroon,4751
785438,Saturnin Allagbe,saturnin-allagbe,G,Benin,4744,4.0,1.33,23,4,0.0,23,2.0,22,0.8,1182,27,,,77,False,548602,substitute,68633,,veryHard,13424965,1767121200,2025-12-30T19:00:00Z,1,Senegal,4739
1014888,Dickson Job,dickson-job,D,Tanzania,4835,4.0,1.33,102,4,3.0,97,0.5,102,0.8,1110,100,,,207,False,548911,starter,68728,,veryHard,13424964,1767110400,2025-12-30T16:00:00Z,1,Tunisia,4729
932969,Segolame Boy,segolame-boy,M,Botswana,4747,4.0,1.33,114,4,3.0,105,0.5,133,0.4,542,171,,,245,False,548275,starter,68565,,veryHard,13424966,1767121200,2025-12-30T19:00:00Z,1,DR Congo,4823
2108904,James Bogere,james-bogere,F,Uganda,4726,4.0,1.33,58,4,0.0,53,2.0,48,0.3,386,102,,,142,False,548746,substitute,68715,,hard,13424963,1767110400,2025-12-30T16:00:00Z,1,Nigeria,4785
360390,Macauley Bonne,macauley-bonne,F,Zimbabwe,4719,4.0,1.33,61,4,1.0,56,1.5,55,0.3,438,95,,,142,False,548476,substitute,68879,,hard,13424961,1767024000,2025-12-29T16:00:00Z,1,South Africa,4736
1124751,Steven Mukwala,steven-mukwala,F,Uganda,4726,4.0,1.0,63,3,1.0,63,1.0,60,2.6,3626,30,,,142,False,548734,substitute,68714,,hard,13424963,1767110400,2025-12-30T16:00:00Z,1,Nigeria,4785
985958,Shomari Kapombe,shomari-kapombe,D,Tanzania,4835,4.0,1.0,107,3,1.0,103,1.0,94,2.1,2960,67,,,207,False,548909,substitute,68720,,veryHard,13424964,1767110400,2025-12-30T16:00:00Z,1,Tunisia,4729
990480,Alford Velaphi,alford-velaphi,D,Botswana,4747,4.0,1.0,106,3,0.0,102,1.5,90,0.4,536,136,,,207,False,548286,substitute,68557,,veryHard,13424966,1767121200,2025-12-30T19:00:00Z,1,DR Congo,4823
1131015,Iyad Mohamed,mohamed-iyad,M,Comoros,23494,4.0,1.0,126,3,1.0,121,1.0,115,0.4,548,170,,,245,False,548363,substitute,68897,,hard,13424959,1767034800,2025-12-29T19:00:00Z,1,Mali,4831
1612221,Yaser Awad Boshara,yaser-awad-boshara,D,Sudan,4734,4.0,1.0,136,2,,147,1.0,123,0.3,420,182,,,245,False,548302,True,69136,,hard,13424968,1767196800,2025-12-31T16:00:00Z,1,Burkina Faso,4749
1103591,Pascal Msindo,pascal-msindo,D,Tanzania,4835,4.0,1.0,108,3,3.0,105,0.0,133,0.1,201,203,,,207,False,548917,substitute,68726,,veryHard,13424964,1767110400,2025-12-30T16:00:00Z,1,Tunisia,4729
2363540,Losika Ratshukudu,losika-ratshukudu,M,Botswana,4747,4.0,0.67,141,2,0.0,134,1.0,126,2.4,3387,58,,,245,False,548295,substitute,68574,,veryHard,13424966,1767121200,2025-12-30T19:00:00Z,1,DR Congo,4823
1218519,Rayan Lutin,rayan-lutin,M,Comoros,23494,4.0,0.67,139,2,0.0,131,1.0,125,0.3,368,190,,,245,False,548360,substitute,68894,,hard,13424959,1767034800,2025-12-29T19:00:00Z,1,Mali,4831
990862,Lebogang Ditsele,lebogang-ditsele,M,Botswana,4747,4.0,0.67,144,2,0.0,139,1.0,127,0.3,399,184,,,245,False,548280,substitute,68560,,veryHard,13424966,1767121200,2025-12-30T19:00:00Z,1,DR Congo,4823
198030,Brendan Galloway,brendan-galloway,D,Zimbabwe,4719,4.0,0.67,116,2,-1.0,115,1.5,91,0.2,345,175,,,207,False,548473,starter,68863,,hard,13424961,1767024000,2025-12-29T16:00:00Z,1,South Africa,4736
990612,Gilbert Baruti,gilbert-baruti,M,Botswana,4747,4.0,0.67,146,2,2.0,142,0.0,166,0.2,288,203,,,245,False,548277,starter,68561,,veryHard,13424966,1767121200,2025-12-30T19:00:00Z,1,DR Congo,4823
1469435,John Robia,john-mano,F,Sudan,4734,4.0,0.5,76,1,,76,0.5,71,0.3,494,91,,,142,False,548301,True,69151,,hard,13424968,1767196800,2025-12-31T16:00:00Z,1,Burkina Faso,4749
1479281,Altayeb Abaker,altayeb-abaker,D,Sudan,4734,4.0,0.5,123,1,,131,0.5,111,0.3,367,169,,,207,False,548313,True,69131,,hard,13424968,1767196800,2025-12-31T16:00:00Z,1,Burkina Faso,4749
1509176,Fernando Chamboco,fernando-chamboco,D,Mozambique,4783,4.0,0.5,118,1,,118,0.5,106,0.2,324,182,,,207,False,548727,True,69027,,hard,13424970,1767207600,2025-12-31T19:00:00Z,1,Cameroon,4751
1160222,Dorian Hanza,dorian-hanza,F,Equatorial Guinea,8032,4.0,0.5,78,1,,80,0.5,73,0.2,333,108,,,142,False,548809,True,69177,,veryHard,13424967,1767196800,2025-12-31T16:00:00Z,1,Algeria,4691
1411886,Chicco Molefe,chicco-molefe,D,Botswana,4747,4.0,0.33,136,1,1.0,134,0.0,136,3.1,4456,46,,,207,False,548293,substitute,68573,,veryHard,13424966,1767121200,2025-12-30T19:00:00Z,1,DR Congo,4823
1127661,Godiraone Modingwane,godairone-modingwane,M,Botswana,4747,4.0,0.33,163,1,1.0,154,0.0,171,0.8,1188,133,,,245,False,548292,substitute,68552,,veryHard,13424966,1767121200,2025-12-30T19:00:00Z,1,DR Congo,4823
1015045,Omaatla Kebatho,omaatla-kebatho,F,Botswana,4747,4.0,0.33,84,1,0.0,73,0.5,79,0.5,777,85,,,142,False,548289,substitute,68601,,veryHard,13424966,1767121200,2025-12-30T19:00:00Z,1,DR Congo,4823
1387365,Monty Enosa,monty-enosa,M,Botswana,4747,4.0,0.33,167,1,1.0,158,0.0,172,0.5,692,158,,,245,False,548291,substitute,68602,,veryHard,13424966,1767121200,2025-12-30T19:00:00Z,1,DR Congo,4823
972943,Godknows Murwira,murwira-godknows,D,Zimbabwe,4719,4.0,0.33,129,1,0.0,121,0.5,116,0.2,253,198,,,207,False,548480,substitute,68857,,hard,13424961,1767024000,2025-12-29T16:00:00Z,1,South Africa,4736
1832933,Ronald Ssekiganda,ronald-ssekiganda,M,Uganda,4726,4.0,0.33,165,1,0.0,156,0.5,152,0.2,276,209,,,245,False,548758,substitute,68703,,hard,13424963,1767110400,2025-12-30T16:00:00Z,1,Nigeria,4785
1099589,Legason Nafiani Alionzi,legason-nafiani-alionzi,G,Uganda,4726,4.0,0.33,28,1,1.0,28,0.0,29,0.2,231,75,,,77,False,548755,substitute,68690,,hard,13424963,1767110400,2025-12-30T16:00:00Z,1,Nigeria,4785
944371,Junior Zindoga,junior-zindoga,F,Zimbabwe,4719,4.0,0.33,89,1,1.0,83,0.0,90,0.2,254,117,,,142,False,548486,substitute,68880,,hard,13424961,1767024000,2025-12-29T16:00:00Z,1,South Africa,4736
1518101,Shandre Campbell,campbell-shandre,M,South Africa,4736,4.0,0.0,216,0,0.0,216,0.0,216,7.7,10947,13,,2.0,245,False,548851,substitute,68851,,easy,13424961,1767024000,2025-12-29T16:00:00Z,1,Zimbabwe,4719
1018018,Mohamed Tougai,mohamed-tougai,D,Algeria,4691,4.0,0.0,149,0,,149,0.0,149,6.6,9359,20,,2.0,207,False,548592,True,69185,,veryEasy,13424967,1767196800,2025-12-31T16:00:00Z,1,Equatorial Guinea,8032
216560,Kabelo Dambe,kabelo-dambe,G,Botswana,4747,4.0,0.0,63,0,0.0,63,0.0,64,4.3,6147,9,,,77,False,548288,substitute,68568,,veryHard,13424966,1767121200,2025-12-30T19:00:00Z,1,DR Congo,4823
2222139,Houssem Teka,houssem-tka,M,Tunisia,4729,4.0,0.0,184,0,,184,0.0,184,2.3,3201,63,,1.0,245,False,548404,True,68676,,veryEasy,13424964,1767110400,2025-12-30T16:00:00Z,1,Tanzania,4835
1655417,Redouane Berkane,redouane-berkane,F,Algeria,4691,4.0,0.0,112,0,,112,0.0,112,1.9,2771,37,,,142,False,548597,True,69207,,veryEasy,13424967,1767196800,2025-12-31T16:00:00Z,1,Equatorial Guinea,8032
1121943,Matthieu Epolo,matthieu-epolo,G,DR Congo,4823,4.0,0.0,53,0,0.0,53,0.0,54,1.6,2213,16,,,77,False,548842,substitute,68581,,veryEasy,13424966,1767121200,2025-12-30T19:00:00Z,1,Botswana,4747
1545409,Mahamadou Nagida,nagida-mahamadou,D,Cameroon,4751,4.0,0.0,193,0,,193,0.0,193,1.5,2065,79,,,207,False,548535,True,69086,,easy,13424970,1767207600,2025-12-31T19:00:00Z,1,Mozambique,4783
825087,Elias Mrugau Maguli,elias-maguri,F,Tanzania,4835,4.0,0.0,104,0,,104,0.0,104,1.5,2080,44,,,142,False,548925,True,68742,,veryHard,13424964,1767110400,2025-12-30T16:00:00Z,1,Tunisia,4729
1090388,David Owori,david-owori,M,Uganda,4726,4.0,0.0,222,0,,222,0.0,222,1.4,1949,92,,,245,False,548763,True,68699,,hard,13424963,1767110400,2025-12-30T16:00:00Z,1,Nigeria,4785
580226,Mory Diaw,mory-diaw,G,Senegal,4739,4.0,0.0,64,0,0.0,64,0.0,65,1.3,1839,18,,,77,False,548675,substitute,68606,,veryEasy,13424965,1767121200,2025-12-30T19:00:00Z,1,Benin,4744
1822468,Tylon Smith,tylon-smith,D,South Africa,4736,4.0,0.0,146,0,0.0,146,0.0,146,1.1,1556,92,,,207,False,548864,substitute,68833,,easy,13424961,1767024000,2025-12-29T16:00:00Z,1,Zimbabwe,4719
2018238,Adem Arous,adem-arous,D,Tunisia,4729,4.0,0.0,188,0,0.0,188,0.0,188,1.1,1600,88,,,207,False,548401,substitute,68669,,veryEasy,13424964,1767110400,2025-12-30T16:00:00Z,1,Tanzania,4835
2168748,Shanganani Nganda,shanganani-nganda,D,Botswana,4747,4.0,0.0,191,0,0.0,191,0.0,191,1.1,1556,91,,,207,False,548294,substitute,68563,,veryHard,13424966,1767121200,2025-12-30T19:00:00Z,1,DR Congo,4823
1169811,Mohamed Kasri,mohamed-kasri,D,Sudan,4734,4.0,0.0,199,0,,199,0.0,199,1.0,1406,95,,,207,False,548322,True,69130,,hard,13424968,1767196800,2025-12-31T16:00:00Z,1,Burkina Faso,4749
827262,Frankie Musonda,frankie-musonda,D,Zambia,4720,4.0,0.0,154,0,0.0,154,0.0,154,0.9,1329,97,,,207,False,548770,substitute,68972,,veryHard,13424958,1767034800,2025-12-29T19:00:00Z,1,Morocco,4778
933081,Charles Lukwago,charles-lukwago,G,Uganda,4726,4.0,0.0,50,0,,50,0.0,51,0.9,1344,23,,,77,False,548762,True,68691,,hard,13424963,1767110400,2025-12-30T16:00:00Z,1,Nigeria,4785
967309,Bechir Ben Said,bechir-ben-said,G,Tunisia,4729,4.0,0.0,32,0,0.0,32,0.0,33,0.8,1186,26,,,77,False,548397,substitute,68661,,veryEasy,13424964,1767110400,2025-12-30T16:00:00Z,1,Tanzania,4835
2374111,Tadiwa Chakuchichi,tadiwa-chakuchichi,F,Zimbabwe,4719,4.0,0.0,92,0,0.0,92,0.0,92,0.8,1139,72,,,142,False,548488,substitute,68881,,hard,13424961,1767024000,2025-12-29T16:00:00Z,1,South Africa,4736
1131009,Mohamed Koné,mohamed-kone,G,Côte d'Ivoire,4768,4.0,0.0,45,0,,45,0.0,46,0.7,994,33,,,77,False,548348,True,69003,,easy,13424969,1767207600,2025-12-31T19:00:00Z,1,Gabon,4761
2401894,Edouard Sombang,edouard-sombang,G,Cameroon,4751,4.0,0.0,57,0,,57,0.0,58,0.7,985,34,,,77,False,548544,True,69093,,easy,13424970,1767207600,2025-12-31T19:00:00Z,1,Mozambique,4783
1397957,Javier Mum,javier-mum,D,Equatorial Guinea,8032,4.0,0.0,148,0,,148,0.0,148,0.7,924,104,,,207,False,548819,True,69163,,veryHard,13424967,1767196800,2025-12-31T16:00:00Z,1,Algeria,4691
159681,Mohamed Sobhi,mohamed-sobhi,G,Egypt,4758,4.0,0.0,70,0,0.0,70,0.0,71,0.6,839,38,,,77,False,548508,substitute,68792,,medium,13424960,1767024000,2025-12-29T16:00:00Z,1,Angola,4692
1103596,Abdul Suleiman,abdul-suleiman,F,Tanzania,4835,4.0,0.0,110,0,,110,0.0,110,0.6,785,83,,,142,False,548913,True,68740,,veryHard,13424964,1767110400,2025-12-30T16:00:00Z,1,Tunisia,4729
1470073,Tholo Thabang Matuludi,matuludi-tholo-thabang,D,South Africa,4736,4.0,0.0,201,0,0.0,201,0.0,201,0.6,837,108,,,207,False,548870,substitute,68853,,easy,13424961,1767024000,2025-12-29T16:00:00Z,1,Zimbabwe,4719
2169870,Oscar Cherene,oscar-cherene,F,Mozambique,4783,4.0,0.0,113,0,,113,0.0,113,0.6,923,78,,,142,False,548733,True,69019,,hard,13424970,1767207600,2025-12-31T19:00:00Z,1,Cameroon,4751
1007589,Oussama Benbot,oussama-benbot,G,Algeria,4691,4.0,0.0,46,0,,46,0.0,47,0.5,657,48,,,77,False,548596,True,69181,,veryEasy,13424967,1767196800,2025-12-31T16:00:00Z,1,Equatorial Guinea,8032
359312,Sabri Ben Hessen,sabri-ben-hessen,G,Tunisia,4729,4.0,0.0,35,0,,35,0.0,36,0.5,710,46,,,77,False,548403,True,68662,,veryEasy,13424964,1767110400,2025-12-30T16:00:00Z,1,Tanzania,4835
966059,Ricardo Goss,goss-ricardo,G,South Africa,4736,4.0,0.0,58,0,0.0,58,0.0,59,0.5,765,41,,,77,False,548869,substitute,68830,,easy,13424961,1767024000,2025-12-29T16:00:00Z,1,Zimbabwe,4719
2140218,Ahmed Bakari Pipino,ahmed-bakari-pipino,M,Tanzania,4835,4.0,0.0,223,0,,223,0.0,223,0.5,751,152,,,245,False,548923,True,68732,,veryHard,13424964,1767110400,2025-12-30T16:00:00Z,1,Tunisia,4729
2168691,Idris Mohamed,idris-mohamed,D,Comoros,23494,4.0,0.0,147,0,0.0,147,0.0,147,0.5,707,115,,,207,False,548375,substitute,68903,,hard,13424959,1767034800,2025-12-29T19:00:00Z,1,Mali,4831
826217,Raouf Mroivili,raouf-mroivili,M,Comoros,23494,4.0,0.0,220,0,0.0,220,0.0,220,0.5,725,154,,,245,False,548374,substitute,68896,,hard,13424959,1767034800,2025-12-29T19:00:00Z,1,Mali,4831
1140885,Mehdi Al Harrar,mehdi-harrar,G,Morocco,4778,4.0,0.0,76,0,0.0,76,0.0,77,0.4,557,52,,,77,False,548653,substitute,68953,,veryEasy,13424958,1767034800,2025-12-29T19:00:00Z,1,Zambia,4720
988841,Simon Ngapandouetnbu,ngapandouetnbu-simon,G,Cameroon,4751,4.0,0.0,74,0,,74,0.0,75,0.4,521,57,,,77,False,548533,True,69075,,easy,13424970,1767207600,2025-12-31T19:00:00Z,1,Mozambique,4783
858204,Ismael Diawara,ismael-diawara,G,Mali,4831,4.0,0.0,47,0,0.0,47,0.0,48,0.4,508,58,,,77,False,548428,substitute,68913,,easy,13424959,1767034800,2025-12-29T19:00:00Z,1,Comoros,23494
51453,Stoppila Sunzu,stoppila-sunzu,D,Zambia,4720,4.0,0.0,145,0,0.0,145,0.0,145,0.4,525,139,,,207,False,548773,substitute,68971,,veryHard,13424958,1767034800,2025-12-29T19:00:00Z,1,Morocco,4778
284355,Elio Capradossi,elio-capradossi,D,Uganda,4726,4.0,0.0,151,0,,151,0.0,151,0.4,549,132,,,207,False,548744,True,68693,,hard,13424963,1767110400,2025-12-30T16:00:00Z,1,Nigeria,4785
1013956,Noureddine Farhati,noureddine-farhati,G,Tunisia,4729,4.0,0.0,36,0,0.0,36,0.0,37,0.4,541,55,,,77,False,548402,substitute,68663,,veryEasy,13424964,1767110400,2025-12-30T16:00:00Z,1,Tanzania,4835
1106364,Ahmed Yousif Tabanja,ahmed-yousif,D,Sudan,4734,4.0,0.0,166,0,,166,0.0,166,0.4,514,143,,,207,False,548317,True,69134,,hard,13424968,1767196800,2025-12-31T16:00:00Z,1,Burkina Faso,4749
1138478,Néstor Senra,nestor-senra,D,Equatorial Guinea,8032,4.0,0.0,187,0,,187,0.0,187,0.4,534,137,,,207,False,548812,True,69161,,veryHard,13424967,1767196800,2025-12-31T16:00:00Z,1,Algeria,4691
1139221,Manuel Sapunga,manuel-sapunga,G,Equatorial Guinea,8032,4.0,0.0,34,0,,34,0.0,35,0.4,534,56,,,77,False,548813,True,69153,,veryHard,13424967,1767196800,2025-12-31T16:00:00Z,1,Algeria,4691
2173424,Hussein Masalanga,hussein-masalanga,G,Tanzania,4835,4.0,0.0,67,0,,67,0.0,68,0.4,548,54,,,77,False,548922,True,68744,,veryHard,13424964,1767110400,2025-12-30T16:00:00Z,1,Tunisia,4729
2170803,Michael Ngaah,michael-ngaah,D,Equatorial Guinea,8032,4.0,0.0,143,0,,143,0.0,143,0.4,506,145,,,207,False,548818,True,69160,,veryHard,13424967,1767196800,2025-12-31T16:00:00Z,1,Algeria,4691
1501696,Olebogeng Ramotse,olebogeng-ramotse,M,Botswana,4747,4.0,0.0,206,0,0.0,206,0.0,206,0.4,506,176,,,245,False,548290,substitute,68603,,veryHard,13424966,1767121200,2025-12-30T19:00:00Z,1,DR Congo,4823
51473,Mamadou Samassa,mamadou-samassa,G,Mali,4831,4.0,0.0,72,0,0.0,72,0.0,73,0.3,364,68,,,77,False,548429,substitute,68914,,easy,13424959,1767034800,2025-12-29T19:00:00Z,1,Comoros,23494
1607328,Amas Obasogie,amas-obasogie,G,Nigeria,4785,4.0,0.0,33,0,0.0,33,0.0,34,0.3,363,69,,,77,False,548456,substitute,68747,,easy,13424963,1767110400,2025-12-30T16:00:00Z,1,Uganda,4726
894793,Edmilson Gabriel Dove,edmilson-gabriel-dove,D,Mozambique,4783,4.0,0.0,190,0,,190,0.0,190,0.3,363,171,,,207,False,548715,True,69025,,hard,13424970,1767207600,2025-12-31T19:00:00Z,1,Cameroon,4751
2070129,Musa Ali Hussein,musa-ali-hussein,F,Sudan,4734,4.0,0.0,94,0,,94,0.0,94,0.3,392,100,,,142,False,548303,True,69144,,hard,13424968,1767196800,2025-12-31T16:00:00Z,1,Burkina Faso,4749
875114,Lawrence Mulenga,tresford-lawrence-mulenga,G,Zambia,4720,4.0,0.0,65,0,0.0,65,0.0,66,0.3,471,61,,,77,False,548777,substitute,68968,,veryHard,13424958,1767034800,2025-12-29T19:00:00Z,1,Morocco,4778
1007530,Mohamed Abooja,mohamed-abooja,G,Sudan,4734,4.0,0.0,75,0,,75,0.0,76,0.3,497,60,,,77,False,548307,True,69125,,hard,13424968,1767196800,2025-12-31T16:00:00Z,1,Burkina Faso,4749
1104515,Al-Gozoli Nooh,al-gozoli-nooh,M,Sudan,4734,4.0,0.0,200,0,,200,0.0,200,0.3,390,186,,,245,False,548309,True,69142,,hard,13424968,1767196800,2025-12-31T16:00:00Z,1,Burkina Faso,4749
994645,Iddi Selemani,iddy-nado,F,Tanzania,4835,4.0,0.0,119,0,0.0,119,0.0,119,0.3,439,94,,,142,False,548916,substitute,68741,,veryHard,13424964,1767110400,2025-12-30T16:00:00Z,1,Tunisia,4729
2129151,Pascal Phiri,pascal-phiri,F,Zambia,4720,4.0,0.0,121,0,0.0,121,0.0,121,0.3,362,104,,,142,False,548784,substitute,68987,,veryHard,13424958,1767034800,2025-12-29T19:00:00Z,1,Morocco,4778
1605912,Anse Ngoubi Demba,anse-ngoubi-demba,G,Gabon,4761,4.0,0.0,38,0,,38,0.0,39,0.3,405,67,,,77,False,548895,True,69047,,hard,13424969,1767207600,2025-12-31T19:00:00Z,1,Côte d'Ivoire,4768
1891059,Jonathan Do Marcolino,jonathan-do-marcolino,D,Gabon,4761,4.0,0.0,161,0,,161,0.0,161,0.3,429,153,,,207,False,548896,True,69055,,hard,13424969,1767207600,2025-12-31T19:00:00Z,1,Côte d'Ivoire,4768
2115430,Prosper Padera,prosper-padera,M,Zimbabwe,4719,4.0,0.0,232,0,0.0,232,0.0,232,0.3,370,189,,,245,False,548481,substitute,68870,,hard,13424961,1767024000,2025-12-29T16:00:00Z,1,South Africa,4736
787808,Salim Ben Boina,salim-ben-boina,G,Comoros,23494,4.0,0.0,42,0,0.0,42,0.0,43,0.3,356,71,,,77,False,548365,substitute,68906,,hard,13424959,1767034800,2025-12-29T19:00:00Z,1,Mali,4831
1482839,François Bekale,francois-bekale,G,Gabon,4761,4.0,0.0,62,0,,62,0.0,63,0.3,424,65,,,77,False,548897,True,69046,,hard,13424969,1767207600,2025-12-31T19:00:00Z,1,Côte d'Ivoire,4768
2208865,Muhamed Tia Asad,muhamed-tia-asad,F,Sudan,4734,4.0,0.0,100,0,,100,0.0,100,0.3,390,101,,,142,False,548319,True,69148,,hard,13424968,1767196800,2025-12-31T16:00:00Z,1,Burkina Faso,4749
914248,Jannick Buyla,jannick-buyla,M,Equatorial Guinea,8032,4.0,0.0,231,0,,231,0.0,231,0.3,444,180,,,245,False,548810,True,69164,,veryHard,13424967,1767196800,2025-12-31T16:00:00Z,1,Algeria,4691
1508483,Francis Mwansa,francis-mwansa,G,Zambia,4720,4.0,0.0,49,0,0.0,49,0.0,50,0.3,449,63,,,77,False,548786,substitute,68969,,veryHard,13424958,1767034800,2025-12-29T19:00:00Z,1,Morocco,4778
2207384,Charlemagne Azongnitode,azongnitode-charlemagne,D,Benin,4744,4.0,0.0,159,0,0.0,159,0.0,159,0.3,400,161,,,207,False,548625,substitute,68635,,veryHard,13424965,1767121200,2025-12-30T19:00:00Z,1,Senegal,4739
1484701,Adel Anzimati-Aboudou,adel-anzimati-aboudou,G,Comoros,23494,4.0,0.0,60,0,0.0,60,0.0,61,0.3,469,62,,,77,False,548370,substitute,68882,,hard,13424959,1767034800,2025-12-29T19:00:00Z,1,Mali,4831
1069701,Martín Mapisa,martin-mapisa,G,Zimbabwe,4719,4.0,0.0,71,0,0.0,71,0.0,72,0.3,358,70,,,77,False,548482,substitute,68856,,hard,13424961,1767024000,2025-12-29T16:00:00Z,1,South Africa,4736
907333,Isaac Muleme,isaac-muleme,D,Uganda,4726,4.0,0.0,176,0,0.0,176,0.0,176,0.3,363,172,,,207,False,548760,substitute,68697,,hard,13424963,1767110400,2025-12-30T16:00:00Z,1,Nigeria,4785
1110782,Melque Alexandre,melque-alexandre,F,Mozambique,4783,4.0,0.0,123,0,,123,0.0,123,0.3,368,103,,,142,False,548731,True,69037,,hard,13424970,1767207600,2025-12-31T19:00:00Z,1,Cameroon,4751
880560,Simon Omossola,omossola-medjo,G,Cameroon,4751,4.0,0.0,61,0,,61,0.0,62,0.2,289,73,,,77,False,548539,True,69085,,easy,13424970,1767207600,2025-12-31T19:00:00Z,1,Mozambique,4783
1479062,Adebiyi Marcel Serge Obassa,adebiyi-marcel-serge-obassa,G,Benin,4744,4.0,0.0,69,0,0.0,69,0.0,70,0.2,315,72,,,77,False,548620,substitute,68634,,veryHard,13424965,1767121200,2025-12-30T19:00:00Z,1,Senegal,4739
1503659,Samaké Nze Bagnama,samake-nze-bagnama,M,Gabon,4761,4.0,0.0,217,0,,217,0.0,217,0.2,330,195,,,245,False,551382,True,69720,,hard,13424969,1767207600,2025-12-31T19:00:00Z,1,Côte d'Ivoire,4768
985953,Rodrigue Fassinou,fassinou-rodrigue,D,Benin,4744,4.0,0.0,173,0,0.0,173,0.0,173,0.2,271,192,,,207,False,548622,substitute,68636,,veryHard,13424965,1767121200,2025-12-30T19:00:00Z,1,Senegal,4739
1471552,Gift Prosper Mphande,gift-prosper-mphande,D,Zambia,4720,4.0,0.0,140,0,0.0,140,0.0,140,0.2,226,201,,,207,False,548779,substitute,68975,,veryHard,13424958,1767034800,2025-12-29T19:00:00Z,1,Morocco,4778
1632534,Nickson Clement Kibabage,kibabage-nickson-clement,D,Tanzania,4835,4.0,0.0,196,0,0.0,196,0.0,196,0.2,256,197,,,207,False,548918,substitute,68723,,veryHard,13424964,1767110400,2025-12-30T16:00:00Z,1,Tunisia,4729
892482,Andy Rinomhota,andy-rinomhota,M,Zimbabwe,4719,4.0,0.0,237,0,,237,0.0,237,0.2,341,194,,,245,False,548470,True,68869,,hard,13424961,1767024000,2025-12-29T16:00:00Z,1,South Africa,4736
1138796,Lusajo Mwaikenda,lusajo-mwaikenda,D,Tanzania,4835,4.0,0.0,155,0,0.0,155,0.0,155,0.2,253,199,,,207,False,548919,substitute,68721,,veryHard,13424964,1767110400,2025-12-30T16:00:00Z,1,Tunisia,4729
1482922,Rogers Torach,rogers-torach,D,Uganda,4726,4.0,0.0,178,0,0.0,178,0.0,178,0.2,262,195,,,207,False,548751,substitute,68695,,hard,13424963,1767110400,2025-12-30T16:00:00Z,1,Nigeria,4785
1423723,Sean Fusire,sean-fusire,M,Zimbabwe,4719,4.0,0.0,233,0,0.0,233,0.0,233,0.2,293,201,,,245,False,548472,substitute,68859,,hard,13424961,1767024000,2025-12-29T16:00:00Z,1,South Africa,4736
2199107,Reagan Mpande,reagan-mpande,F,Uganda,4726,4.0,0.0,95,0,0.0,95,0.0,95,0.2,268,114,,,142,False,548753,substitute,68711,,hard,13424963,1767110400,2025-12-30T16:00:00Z,1,Nigeria,4785
1103554,Kimiss,kimiss-rabelina-zavala,G,Mozambique,4783,4.0,0.0,68,0,,68,0.0,69,0.2,226,76,,,77,False,548726,True,69018,,hard,13424970,1767207600,2025-12-31T19:00:00Z,1,Cameroon,4751
1160562,Ivane Urrubal,ivane,G,Mozambique,4783,4.0,0.0,39,0,,39,0.0,40,0.2,281,74,,,77,False,548725,True,69017,,hard,13424970,1767207600,2025-12-31T19:00:00Z,1,Cameroon,4751
2359120,Washington Navaya,washington-navaya,F,Zimbabwe,4719,4.0,0.0,103,0,0.0,103,0.0,103,0.2,251,118,,,142,False,548485,substitute,68878,,hard,13424961,1767024000,2025-12-29T16:00:00Z,1,South Africa,4736
1416343,Hilary Mukundane,hilary-mukundane,D,Uganda,4726,4.0,0.0,192,0,0.0,192,0.0,192,0.2,310,186,,,207,False,548756,substitute,68700,,hard,13424963,1767110400,2025-12-30T16:00:00Z,1,Nigeria,4785
866166,Timothy Awany,timothy-awany,D,Uganda,4726,4.0,0.0,185,0,,185,0.0,185,0.2,327,180,,,207,False,548757,True,68698,,hard,13424963,1767110400,2025-12-30T16:00:00Z,1,Nigeria,4785
2023718,Ivan Ahimbisibwe,ivan-ahimbisibwe,F,Uganda,4726,4.0,0.0,101,0,0.0,101,0.0,101,0.2,217,127,,,142,False,548759,substitute,68716,,hard,13424963,1767110400,2025-12-30T16:00:00Z,1,Nigeria,4785
944008,Thatayaone Kgamanyane,thatayaone-kgamanyane,M,Botswana,4747,4.0,0.0,240,0,0.0,240,0.0,240,0.2,345,192,,,245,False,548282,substitute,68570,,veryHard,13424966,1767121200,2025-12-30T19:00:00Z,1,DR Congo,4823
1881613,Isheanasu Mauchi,isheanasu-mauchi,D,Zimbabwe,4719,4.0,0.0,141,0,0.0,141,0.0,141,0.2,324,183,,,207,False,548484,substitute,68862,,hard,13424961,1767024000,2025-12-29T16:00:00Z,1,South Africa,4736
291219,Alec Mudimu,alec-mudimu,D,Zimbabwe,4719,4.0,0.0,158,0,0.0,158,0.0,158,0.2,308,187,,,207,False,548483,substitute,68865,,hard,13424961,1767024000,2025-12-29T16:00:00Z,1,South Africa,4736
1960008,Shafik Nana Kwikiriza,shafik-nana-kwikiriza,F,Uganda,4726,4.0,0.0,106,0,0.0,106,0.0,106,0.2,219,126,,,142,False,548761,substitute,68717,,hard,13424963,1767110400,2025-12-30T16:00:00Z,1,Nigeria,4785
1021134,Mazin Mohamedein,mazin-mohamedein,D,Sudan,4734,4.0,0.0,186,0,,186,0.0,186,0.2,326,181,,,207,False,548320,True,69132,,hard,13424968,1767196800,2025-12-31T16:00:00Z,1,Burkina Faso,4749
1138390,Ishmael Wadi,ishmael-wadi,F,Zimbabwe,4719,4.0,-0.33,138,-1,0.0,138,-0.5,139,0.4,539,90,,,142,False,548487,substitute,68874,,hard,13424961,1767024000,2025-12-29T16:00:00Z,1,South Africa,4736
39024,El Fardou Ben,el-fardou-ben,F,Comoros,23494,4.0,-0.33,141,-1,-1.0,141,0.0,138,0.3,435,96,,,142,False,548353,substitute,68888,,hard,13424959,1767034800,2025-12-29T19:00:00Z,1,Mali,4831
1605682,Thabo Maponda,thabo-maponda,F,Botswana,4747,4.0,-0.33,139,-1,0.0,139,-0.5,140,0.3,400,99,,,142,False,548278,substitute,68572,,veryHard,13424966,1767121200,2025-12-30T19:00:00Z,1,DR Congo,4823
2025049,David Hamansenya,david-hamansenya,D,Zambia,4720,4.0,-0.5,203,-1,-1.0,203,0.0,203,0.2,244,200,,,207,False,548783,starter,68977,,veryHard,13424958,1767034800,2025-12-29T19:00:00Z,1,Morocco,4778
785917,Kabaso Chongo,kabaso-chongo,D,Zambia,4720,4.0,-0.67,205,-2,-2.0,206,0.0,205,0.5,708,114,,,207,False,548776,starter,68962,,veryHard,13424958,1767034800,2025-12-29T19:00:00Z,1,Morocco,4778
990692,Thabo Leinanyane,thabo-leinanyane,D,Botswana,4747,4.0,-0.67,204,-2,-2.0,205,0.0,204,0.3,368,168,,,207,False,548287,starter,68559,,veryHard,13424966,1767121200,2025-12-30T19:00:00Z,1,DR Congo,4823
1416384,Charles Ondo,ondo-charles,D,Equatorial Guinea,8032,4.0,-1.0,206,-2,,204,-1.0,206,0.4,636,120,,,207,False,548815,True,69162,,veryHard,13424967,1767196800,2025-12-31T16:00:00Z,1,Algeria,4691
990898,Salaheldin Adil,salaheldin-adil,M,Sudan,4734,4.0,-4.0,245,-4,,245,-2.0,245,0.4,557,169,,,245,False,548305,True,69138,,hard,13424968,1767196800,2025-12-31T16:00:00Z,1,Burkina Faso,4749
