player_id,name,slug,position,team,team_id,price,average_score,average_score_rank,total_points,round_points,total_points_rank,form,form_rank,owned_percentage,owned_count,owned_rank,adds,drops,total_players_on_position,has_left_competition,round_player_id,round_starter,fantasy_id,status,fixture_difficulty,event_id,event_start_timestamp,event_start_iso_utc,fixtures_count,next_opponent,next_opponent_id
159665,Mohamed Salah,mohamed-salah,M,Egypt,4758,12.0,11.5,2,10.0,10.0,2,13,1,32.8,45041,2,145.0,40.0,141,False,547833,starter,68789,,medium,13424947,1766761200,2025-12-26T15:00:00Z,1,South Africa,4736
822471,Victor Osimhen,victor-osimhen,F,Nigeria,4785,11.0,6.5,9,10.0,10.0,5,3,30,39.8,54692,1,76.0,147.0,141,False,547777,starter,68769,,medium,13424949,1766865600,2025-12-27T20:00:00Z,1,Tunisia,4729
835485,Brahim Díaz,brahim-diaz,M,Morocco,4778,10.5,9.5,5,7.0,7.0,3,12,5,22.4,30721,4,188.0,21.0,243,False,547970,starter,68943,,veryEasy,13424945,1766779200,2025-12-26T20:00:00Z,1,Mali,4831
873554,Omar Marmoush,omar-marmoush,F,Egypt,4758,10.4,5.0,18,1.0,1.0,12,9,6,23.4,32093,3,62.0,174.0,141,False,547834,starter,68788,,medium,13424947,1766761200,2025-12-26T15:00:00Z,1,South Africa,4736
51498,Pierre-Emerick Aubameyang,pierre-emerick-aubameyang,F,Gabon,4761,10.0,1.0,66,,,69,1,59,7.2,9839,7,4.0,132.0,141,False,548215,True,69062,,medium,13424957,1766925000,2025-12-28T12:30:00Z,1,Mozambique,4783
927083,Bryan Mbeumo,bryan-mbeumo,M,Cameroon,4751,9.9,8.0,11,,,31,8,14,25.9,35542,2,25.0,62.0,243,False,547861,True,69091,,medium,13424956,1766952000,2025-12-28T20:00:00Z,1,Côte d'Ivoire,4768
1107591,Mohamed Amoura,mohamed-el-amine-amoura,F,Algeria,4691,9.1,8.0,6,,,16,8,7,9.9,13589,5,50.0,36.0,141,False,547917,True,69204,,easy,13424954,1766943000,2025-12-28T17:30:00Z,1,Burkina Faso,4749
824200,Ademola Lookman,ademola-lookman,F,Nigeria,4785,9.0,12.0,1,17.0,17.0,1,7,9,9.7,13362,6,303.0,21.0,141,False,547778,starter,68767,,medium,13424949,1766865600,2025-12-27T20:00:00Z,1,Tunisia,4729
217704,Sadio Mané,sadio-mane,M,Senegal,4739,9.0,7.0,15,11.0,11.0,10,3,51,27.7,37985,1,59.0,74.0,243,False,547998,starter,68623,,easy,13424951,1766847600,2025-12-27T15:00:00Z,1,DR Congo,4823
971037,Amad Diallo,diallo-amad,F,Côte d'Ivoire,4768,8.9,12.0,2,,,13,12,4,24.1,33011,3,77.0,29.0,243,False,547667,True,69001,,medium,13424956,1766952000,2025-12-28T20:00:00Z,1,Cameroon,4751
352770,Alex Iwobi,alex-iwobi,M,Nigeria,4785,8.6,9.0,6,3.0,3.0,4,15,3,8.1,11081,11,94.0,59.0,243,False,547781,starter,68757,,medium,13424949,1766865600,2025-12-27T20:00:00Z,1,Tunisia,4729
2087085,Yan Diomande,yan-diomande,F,Côte d'Ivoire,4768,8.5,6.0,13,,,26,6,14,3.8,5203,18,22.0,18.0,141,False,547676,True,69011,,medium,13424956,1766952000,2025-12-28T20:00:00Z,1,Cameroon,4751
843754,Ibrahim Sangaré,ibrahim-sangare,M,Côte d'Ivoire,4768,8.5,5.0,32,,,64,5,33,2.4,3362,60,4.0,26.0,243,False,547673,True,68994,,medium,13424956,1766952000,2025-12-28T20:00:00Z,1,Cameroon,4751
814594,Achraf Hakimi,hakimi-achraf,D,Morocco,4778,8.4,0.0,176,0.0,0.0,176,0,175,29.0,39858,2,33.0,563.0,206,False,547971,substitute,68941,,veryEasy,13424945,1766779200,2025-12-26T20:00:00Z,1,Mali,4831
158213,Riyad Mahrez,riyad-mahrez,M,Algeria,4691,8.2,15.0,1,,,8,15,2,20.0,27381,5,295.0,12.0,243,False,547914,True,69203,,easy,13424954,1766943000,2025-12-28T17:30:00Z,1,Burkina Faso,4749
847030,Noussair Mazraoui,noussair-mazraoui,D,Morocco,4778,8.1,8.5,15,5.0,5.0,5,12,2,11.0,15037,6,243.0,29.0,206,False,547973,starter,68961,,veryEasy,13424945,1766779200,2025-12-26T20:00:00Z,1,Mali,4831
991421,Azzedine Ounahi,azzedine-ounahi,M,Morocco,4778,8.1,5.0,25,5.0,5.0,17,5,27,9.9,13621,7,24.0,96.0,243,False,547976,starter,68939,,veryEasy,13424945,1766779200,2025-12-26T20:00:00Z,1,Mali,4831
1063767,Ismael Saibari,ismael-saibari,M,Morocco,4778,8.1,4.0,40,4.0,4.0,27,4,41,4.3,5913,24,8.0,84.0,243,False,547981,starter,68952,,veryEasy,13424945,1766779200,2025-12-26T20:00:00Z,1,Mali,4831
359226,Franck Kessié,franck-kessie,M,Côte d'Ivoire,4768,8.0,8.0,9,,,26,8,12,9.0,12359,9,39.0,38.0,243,False,547669,True,68992,,medium,13424956,1766952000,2025-12-28T20:00:00Z,1,Cameroon,4751
218160,Bertrand Traoré,bertrand-traore,F,Burkina Faso,4749,8.0,6.0,14,,,27,6,15,1.5,2097,42,6.0,11.0,141,False,547891,True,69118,,hard,13424954,1766943000,2025-12-28T17:30:00Z,1,Algeria,4691
845286,Ismaïla Sarr,ismaila-sarr,F,Senegal,4739,8.0,4.0,21,1.0,1.0,15,7,12,6.2,8565,8,29.0,89.0,141,False,548002,starter,68626,,easy,13424951,1766847600,2025-12-27T15:00:00Z,1,DR Congo,4823
295361,Mahmoud Trézéguet,mahmoud-trezeguet,M,Egypt,4758,8.0,3.5,49,3.0,3.0,38,4,44,3.9,5376,25,10.0,81.0,243,False,547837,starter,68774,,medium,13424947,1766761200,2025-12-26T15:00:00Z,1,South Africa,4736
822470,Samuel Chukwueze,samuel-chukwueze,F,Nigeria,4785,8.0,3.0,28,0.0,0.0,24,6,21,4.0,5503,16,23.0,97.0,141,False,547779,substitute,68768,,medium,13424949,1766865600,2025-12-27T20:00:00Z,1,Tunisia,4729
111850,Wilfried Zaha,wilfried-zaha,M,Côte d'Ivoire,4768,8.0,1.0,123,,,137,1,112,3.2,4433,39,11.0,32.0,243,False,547670,True,69042,,medium,13424956,1766952000,2025-12-28T20:00:00Z,1,Cameroon,4751
1126569,Bilal El Khannouss,bilal-el-khannouss,M,Morocco,4778,8.0,1.0,111,1.0,1.0,107,1,103,1.1,1558,107,2.0,24.0,243,False,547979,substitute,68940,,veryEasy,13424945,1766779200,2025-12-26T20:00:00Z,1,Mali,4831
760618,Denis Bouanga,denis-bouanga,F,Gabon,4761,8.0,0.0,91,,,91,0,90,1.2,1663,50,,24.0,141,False,548217,True,69065,,medium,13424957,1766925000,2025-12-28T12:30:00Z,1,Mozambique,4783
846470,Youssef En-Nesyri,youssef-en-nesyri,F,Morocco,4778,7.9,2.0,42,2.0,2.0,41,2,36,6.0,8182,9,8.0,196.0,141,False,547975,substitute,68942,,veryEasy,13424945,1766779200,2025-12-26T20:00:00Z,1,Mali,4831
1085381,Nicolas Jackson,nicolas-jackson,F,Senegal,4739,7.6,8.0,5,3.0,3.0,4,13,2,12.2,16698,4,391.0,74.0,141,False,547999,starter,68628,,easy,13424951,1766847600,2025-12-27T15:00:00Z,1,DR Congo,4823
883262,Edmond Tapsoba,edmond-tapsoba,D,Burkina Faso,4749,7.5,11.0,1,,,21,11,5,9.7,13250,10,58.0,21.0,206,False,547890,True,69105,,hard,13424954,1766943000,2025-12-28T17:30:00Z,1,Algeria,4691
848287,Evan Ndicka,evan-ndicka,D,Côte d'Ivoire,4768,7.5,9.0,12,,,39,9,15,6.1,8397,23,14.0,13.0,206,False,547674,True,69004,,medium,13424956,1766952000,2025-12-28T20:00:00Z,1,Cameroon,4751
1106451,Dango Ouattara,dango-ouattara,F,Burkina Faso,4749,7.5,9.0,3,,,14,9,4,2.7,3647,26,59.0,15.0,141,False,547889,True,69119,,hard,13424954,1766943000,2025-12-28T17:30:00Z,1,Algeria,4691
1064697,Mamadou Sangare,mamadou-sangare,M,Mali,4831,7.5,5.0,26,3.0,3.0,18,7,20,1.2,1634,101,31.0,10.0,243,False,547760,starter,68908,,veryHard,13424945,1766779200,2025-12-26T20:00:00Z,1,Morocco,4778
877102,Nayef Aguerd,nayef-aguerd,D,Morocco,4778,7.5,4.5,54,1.0,1.0,40,8,26,8.3,11366,14,28.0,58.0,206,False,547978,starter,68949,,veryEasy,13424945,1766779200,2025-12-26T20:00:00Z,1,Mali,4831
1013699,Marwan Attia,attia-marwan,M,Egypt,4758,7.5,4.0,41,4.0,4.0,29,4,42,0.7,1006,135,6.0,7.0,243,False,547840,starter,68787,,medium,13424947,1766761200,2025-12-26T15:00:00Z,1,South Africa,4736
919793,Ayoub El Kaabi,ayoub-el-kaabi,F,Morocco,4778,7.5,3.5,25,1.0,1.0,21,6,19,3.9,5378,17,60.0,89.0,141,False,547983,starter,68947,,veryEasy,13424945,1766779200,2025-12-26T20:00:00Z,1,Mali,4831
1171539,Noah Sadiki,noah-sadiki,M,DR Congo,4823,7.5,3.0,55,1.0,1.0,47,5,37,3.9,5286,27,15.0,16.0,243,False,548170,starter,68588,,hard,13424951,1766847600,2025-12-27T15:00:00Z,1,Senegal,4739
547494,Zizo,zizo,M,Egypt,4758,7.5,2.0,85,3.0,3.0,78,1,96,3.8,5232,28,8.0,97.0,243,False,547836,starter,68776,,medium,13424947,1766761200,2025-12-26T15:00:00Z,1,South Africa,4736
1590918,Ibrahim Mbaye,ibrahim-mbaye,F,Senegal,4739,7.5,2.0,43,3.0,3.0,42,1,45,1.3,1852,47,9.0,12.0,141,False,548004,substitute,68627,,easy,13424951,1766847600,2025-12-27T15:00:00Z,1,DR Congo,4823
1391541,Ngal'ayel Mukau,ngalayel-mukau,M,DR Congo,4823,7.5,2.0,78,2.0,2.0,69,2,75,0.5,745,149,2.0,3.0,243,False,548174,starter,68591,,hard,13424951,1766847600,2025-12-27T15:00:00Z,1,Senegal,4739
1389846,Lamine Camara,camara-lamine,M,Senegal,4739,7.5,1.5,93,1.0,1.0,81,2,81,2.5,3404,59,7.0,27.0,243,False,548005,substitute,68620,,easy,13424951,1766847600,2025-12-27T15:00:00Z,1,DR Congo,4823
1128530,Neil El Aynaoui,neil-el-aynaoui,M,Morocco,4778,7.5,1.5,100,0.0,0.0,94,3,66,1.0,1411,121,14.0,23.0,243,False,547989,starter,68954,,veryEasy,13424945,1766779200,2025-12-26T20:00:00Z,1,Mali,4831
191188,Seko Fofana,seko-fofana,M,Côte d'Ivoire,4768,7.5,1.0,122,,,136,1,111,3.4,4671,35,5.0,40.0,243,False,547671,True,69006,,medium,13424956,1766952000,2025-12-28T20:00:00Z,1,Cameroon,4751
1156353,Kamory Doumbia,kamory-doumbia,M,Mali,4831,7.5,1.0,109,0.0,0.0,105,2,86,1.7,2272,74,7.0,35.0,243,False,547754,substitute,68935,,veryHard,13424945,1766779200,2025-12-26T20:00:00Z,1,Morocco,4778
911719,Lassina Traoré,lassina-traore,F,Burkina Faso,4749,7.5,1.0,57,,,57,1,50,0.6,765,86,,5.0,141,False,547897,True,69124,,hard,13424954,1766943000,2025-12-28T17:30:00Z,1,Algeria,4691
1568123,Bazoumana Touré,bazoumana-toure,M,Côte d'Ivoire,4768,7.5,0.0,171,,,171,0,172,0.7,995,136,,2.0,243,False,547684,True,69007,,medium,13424956,1766952000,2025-12-28T20:00:00Z,1,Cameroon,4751
2029648,Christian Kofane,christian-kofane,F,Cameroon,4751,7.5,0.0,97,,,97,0,95,0.5,731,87,1.0,8.0,141,False,547864,True,69098,,medium,13424956,1766952000,2025-12-28T20:00:00Z,1,Côte d'Ivoire,4768
914309,Iliman Ndiaye,iliman-ndiaye,M,Senegal,4739,7.1,3.0,57,2.0,2.0,49,4,46,16.4,22514,6,43.0,151.0,243,False,548000,starter,68625,,easy,13424951,1766847600,2025-12-27T15:00:00Z,1,DR Congo,4823
931278,Rayan Aït-Nouri,rayan-ait-nouri,M,Algeria,4691,7.0,9.0,11,,,37,9,14,17.3,23788,3,65.0,40.0,206,False,547915,True,69188,,easy,13424954,1766943000,2025-12-28T17:30:00Z,1,Burkina Faso,4749
973437,Odilon Kossounou,odilon-kossounou,D,Côte d'Ivoire,4768,7.0,9.0,13,,,41,9,16,3.1,4263,47,11.0,6.0,206,False,547672,True,68996,,medium,13424956,1766952000,2025-12-28T20:00:00Z,1,Cameroon,4751
577726,Ramy Bensebaini,ramy-bensebaini,D,Algeria,4691,7.0,8.0,21,,,51,8,21,10.5,14450,8,25.0,23.0,206,False,547918,True,69183,,easy,13424954,1766943000,2025-12-28T17:30:00Z,1,Burkina Faso,4749
1407524,Ibrahim Maza,maza-ibrahim,M,Algeria,4691,7.0,8.0,10,,,28,8,13,4.6,6373,22,43.0,12.0,243,False,547919,True,69198,,easy,13424954,1766943000,2025-12-28T17:30:00Z,1,Burkina Faso,4749
863653,Aaron Wan-Bissaka,aaron-wan-bissaka,D,DR Congo,4823,7.0,5.5,43,3.0,3.0,24,8,23,15.0,20552,4,53.0,29.0,206,False,548168,starter,68582,,hard,13424951,1766847600,2025-12-27T15:00:00Z,1,Senegal,4739
861972,Calvin Bassey,calvin-bassey,D,Nigeria,4785,7.0,5.5,42,5.0,5.0,23,6,42,9.5,13082,11,22.0,23.0,206,False,547783,starter,68749,,medium,13424949,1766865600,2025-12-27T20:00:00Z,1,Tunisia,4729
918913,Hamdy Fathy,hamdi-fathi,M,Egypt,4758,7.0,5.5,24,5.0,5.0,16,6,24,0.5,741,150,25.0,1.0,243,False,547845,starter,68793,,medium,13424947,1766761200,2025-12-26T15:00:00Z,1,South Africa,4736
823733,Ismaël Bennacer,ismael-bennacer,M,Algeria,4691,7.0,5.0,30,,,56,5,31,3.6,4886,33,24.0,22.0,243,False,547916,True,69193,,easy,13424954,1766943000,2025-12-28T17:30:00Z,1,Burkina Faso,4749
1001140,Geny Catamo,geny-catamo,M,Mozambique,4783,7.0,5.0,28,,,53,5,29,0.9,1188,131,1.0,4.0,243,False,548054,True,69038,,medium,13424957,1766925000,2025-12-28T12:30:00Z,1,Gabon,4761
785926,Baghdad Bounedjah,baghdad-bounedjah,F,Algeria,4691,7.0,4.0,23,,,40,4,27,2.2,3082,34,34.0,22.0,141,False,547926,True,69205,,easy,13424954,1766943000,2025-12-28T17:30:00Z,1,Burkina Faso,4749
1199043,Carlos Baleba,baleba-carlos,M,Cameroon,4751,7.0,3.0,62,,,84,3,59,4.7,6518,20,16.0,31.0,243,False,547862,True,69076,,medium,13424956,1766952000,2025-12-28T20:00:00Z,1,Côte d'Ivoire,4768
879694,Pape Gueye,pape-gueye,M,Senegal,4739,7.0,3.0,59,2.0,2.0,51,4,47,2.3,3118,63,8.0,13.0,243,False,548008,starter,68615,,easy,13424951,1766847600,2025-12-27T15:00:00Z,1,DR Congo,4823
115665,Cédric Bakambu,cedric-bakambu,F,DR Congo,4823,7.0,2.5,32,6.0,6.0,30,-1,137,3.7,5120,19,42.0,29.0,141,False,548164,starter,68600,,hard,13424951,1766847600,2025-12-27T15:00:00Z,1,Senegal,4739
873551,Mostafa Mohamed,mostafa-mohamed,F,Egypt,4758,7.0,2.5,35,0.0,0.0,33,5,25,2.7,3721,24,10.0,81.0,141,False,547838,substitute,68801,,medium,13424947,1766761200,2025-12-26T15:00:00Z,1,South Africa,4736
1218066,Anis Hadj Moussa,anis-hadj-moussa,F,Algeria,4691,7.0,2.0,44,,,51,2,37,1.3,1741,48,6.0,9.0,141,False,547921,True,69201,,easy,13424954,1766943000,2025-12-28T17:30:00Z,1,Burkina Faso,4749
307284,Mario Lemina,mario-lemina,M,Gabon,4761,7.0,1.0,119,,,131,1,108,1.9,2665,68,2.0,22.0,243,False,548216,True,69057,,medium,13424957,1766925000,2025-12-28T12:30:00Z,1,Mozambique,4783
1394353,Eliesse Ben Seghir,eliesse-ben-seghir,M,Morocco,4778,7.0,0.5,133,1.0,1.0,121,0,139,1.6,2218,77,4.0,28.0,243,False,547980,substitute,68946,,veryEasy,13424945,1766779200,2025-12-26T20:00:00Z,1,Mali,4831
1394342,Ousmane Diomande,diomande-ousmane,D,Côte d'Ivoire,4768,7.0,0.0,140,,,140,0,139,3.6,4881,42,2.0,26.0,206,False,547678,True,69014,,medium,13424956,1766952000,2025-12-28T20:00:00Z,1,Cameroon,4751
841943,Mostafa Fathy,mostafa-fathy,M,Egypt,4758,7.0,0.0,193,0.0,0.0,193,0,194,0.4,493,176,,4.0,243,False,547854,substitute,68775,,medium,13424947,1766761200,2025-12-26T15:00:00Z,1,South Africa,4736
1101702,Mario Stroeykens,mario-stroeykens,M,DR Congo,4823,7.0,0.0,223,,,223,0,223,0.4,576,166,1.0,12.0,243,False,548184,True,68592,,hard,13424951,1766847600,2025-12-27T15:00:00Z,1,Senegal,4739
982615,El Bilal Touré,el-bilal-toure,F,Mali,4831,7.0,-0.5,139,-1.0,-1.0,139,0,136,0.9,1211,64,2.0,12.0,141,False,547752,substitute,68927,,veryHard,13424945,1766779200,2025-12-26T20:00:00Z,1,Morocco,4778
1011375,Abdessamad Ezzalzouli,abdessamad-ezzalzouli,M,Morocco,4778,6.9,1.5,94,1.0,1.0,82,2,82,3.7,5134,29,13.0,108.0,243,False,547974,substitute,68950,,veryEasy,13424945,1766779200,2025-12-26T20:00:00Z,1,Mali,4831
901907,Lyle Foster,foster-lyle,F,South Africa,4736,6.6,6.0,12,-1.0,-1.0,8,13,3,5.7,7815,11,257.0,113.0,141,False,548193,starter,68848,,medium,13424947,1766761200,2025-12-26T15:00:00Z,1,Egypt,4758
919027,Ali Abdi,ali-abdi,M,Tunisia,4729,6.5,10.5,2,10.0,10.0,1,11,6,7.4,10124,17,121.0,15.0,206,False,547727,starter,68672,,medium,13424949,1766865600,2025-12-27T20:00:00Z,1,Nigeria,4785
1009386,Hannibal Mejbri,hannibal-mejbri,M,Tunisia,4729,6.5,9.5,3,10.0,10.0,1,9,7,5.9,8098,16,210.0,15.0,243,False,547722,starter,68679,,medium,13424949,1766865600,2025-12-27T20:00:00Z,1,Nigeria,4785
787885,Wilfred Ndidi,wilfred-ndidi,M,Nigeria,4785,6.5,9.0,7,14.0,14.0,5,4,39,3.6,4898,32,78.0,6.0,243,False,547782,starter,68759,,medium,13424949,1766865600,2025-12-27T20:00:00Z,1,Tunisia,4729
238612,Chancel Mbemba,chancel-mbemba,D,DR Congo,4823,6.5,8.0,18,6.0,6.0,8,10,11,12.8,17508,5,94.0,14.0,206,False,548165,starter,68584,,hard,13424951,1766847600,2025-12-27T15:00:00Z,1,Senegal,4739
927005,Lassine Sinayoko,sinayoko-lassine,F,Mali,4831,6.5,8.0,4,7.0,7.0,3,9,5,1.8,2424,38,243.0,10.0,141,False,547758,starter,68918,,veryHard,13424945,1766779200,2025-12-26T20:00:00Z,1,Morocco,4778
1393673,Etta Eyong,etta-eyong,F,Cameroon,4751,6.5,7.0,8,,,20,7,10,3.6,4894,20,81.0,11.0,141,False,547863,True,69099,,medium,13424956,1766952000,2025-12-28T20:00:00Z,1,Côte d'Ivoire,4768
985923,Hicham Boudaoui,hicham-boudaoui,M,Algeria,4691,6.5,7.0,18,,,40,7,17,1.5,1995,87,30.0,4.0,243,False,547923,True,69195,,easy,13424954,1766943000,2025-12-28T17:30:00Z,1,Burkina Faso,4749
758168,Moussa Niakhaté,moussa-niakhate,D,Senegal,4739,6.5,6.0,31,5.0,5.0,16,7,31,5.4,7409,32,19.0,11.0,206,False,548013,starter,68608,,easy,13424951,1766847600,2025-12-27T15:00:00Z,1,DR Congo,4823
106337,Idrissa Gueye,idrissa-gueye,M,Senegal,4739,6.5,6.0,21,5.0,5.0,14,7,19,5.2,7125,18,96.0,29.0,243,False,548007,starter,68618,,easy,13424951,1766847600,2025-12-27T15:00:00Z,1,DR Congo,4823
295339,Rami Rabia,rami-rabia,D,Egypt,4758,6.5,5.5,41,11.0,11.0,22,0,97,2.9,3989,51,24.0,13.0,206,False,547846,starter,68790,,medium,13424947,1766761200,2025-12-26T15:00:00Z,1,South Africa,4736
879618,Montassar Talbi,montassar-talbi,D,Tunisia,4729,6.5,5.0,46,7.0,7.0,27,3,59,4.4,6084,39,10.0,27.0,206,False,547729,starter,68667,,medium,13424949,1766865600,2025-12-27T20:00:00Z,1,Nigeria,4785
152813,Clinton Mata,clinton-mata,D,Angola,4692,6.5,4.0,59,5.0,5.0,47,3,60,2.8,3830,54,2.0,10.0,206,False,548036,starter,68817,,easy,13424948,1766752200,2025-12-26T12:30:00Z,1,Zimbabwe,4719
359272,Sofyan Amrabat,sofyan-amrabat,M,Morocco,4778,6.5,3.5,50,3.0,3.0,39,4,45,4.7,6472,21,21.0,42.0,243,False,547977,starter,68938,,veryEasy,13424945,1766779200,2025-12-26T20:00:00Z,1,Mali,4831
1102788,Dorgeles Nene,nene-dorgeles,F,Mali,4831,6.5,3.0,26,0.0,0.0,22,6,20,1.7,2268,41,2.0,16.0,141,False,547751,substitute,68910,,veryHard,13424945,1766779200,2025-12-26T20:00:00Z,1,Morocco,4778
966891,Mohamed Ali Ben Romdhane,ben-romdhane-mohamed-ali,M,Tunisia,4729,6.5,2.0,76,2.0,2.0,67,2,73,2.5,3407,58,3.0,57.0,243,False,547723,starter,68681,,medium,13424949,1766865600,2025-12-27T20:00:00Z,1,Nigeria,4785
332537,Ferjani Sassi,ferjani-sassi,M,Tunisia,4729,6.5,2.0,77,2.0,2.0,68,2,74,1.6,2207,79,14.0,21.0,243,False,547735,starter,68674,,medium,13424949,1766865600,2025-12-27T20:00:00Z,1,Nigeria,4785
885864,Frank Onyeka,frank-onyeka,M,Nigeria,4785,6.5,2.0,84,4.0,4.0,77,0,126,1.6,2195,80,2.0,8.0,243,False,547788,starter,68758,,medium,13424949,1766865600,2025-12-27T20:00:00Z,1,Tunisia,4729
862078,Meschack Elia,meschack-elia,F,DR Congo,4823,6.5,2.0,40,3.0,3.0,38,1,44,1.2,1645,51,2.0,9.0,141,False,548167,starter,68578,,hard,13424951,1766847600,2025-12-27T15:00:00Z,1,Senegal,4739
1465307,Arthur Avom Ebong,ebong-arthur-avom,M,Cameroon,4751,6.5,2.0,87,,,100,2,76,1.1,1494,112,2.0,6.0,243,False,547870,True,69084,,medium,13424956,1766952000,2025-12-28T20:00:00Z,1,Côte d'Ivoire,4768
1192318,Farès Chaïbi,fares-chaibi,M,Algeria,4691,6.5,1.0,126,,,142,1,115,1.9,2614,69,9.0,21.0,243,False,547920,True,69197,,easy,13424954,1766943000,2025-12-28T17:30:00Z,1,Burkina Faso,4749
330051,Moses Simon,moses-simon,F,Nigeria,4785,6.5,1.0,54,1.0,1.0,54,1,49,1.5,2022,46,3.0,9.0,141,False,547785,substitute,68770,,medium,13424949,1766865600,2025-12-27T20:00:00Z,1,Tunisia,4729
1008171,Ibrahim Adel,ibrahim-adel,M,Egypt,4758,6.5,1.0,108,0.0,0.0,104,2,85,1.0,1306,126,3.0,18.0,243,False,547841,substitute,68782,,medium,13424947,1766761200,2025-12-26T15:00:00Z,1,South Africa,4736
989882,Ramiz Zerrouki,ramiz-zerrouki,M,Algeria,4691,6.5,1.0,127,,,143,1,116,0.9,1294,128,,4.0,243,False,547929,True,69194,,easy,13424954,1766943000,2025-12-28T17:30:00Z,1,Burkina Faso,4749
1090374,Kialonda Gaspar,kialonda-gaspar,D,Angola,4692,6.5,0.5,105,0.0,0.0,101,1,93,2.4,3310,62,1.0,21.0,206,False,548035,substitute,68816,,easy,13424948,1766752200,2025-12-26T12:30:00Z,1,Zimbabwe,4719
1113488,Ismael Gharbi,gharbi-ismael,M,Tunisia,4729,6.5,0.5,142,0.0,0.0,138,1,120,1.5,2117,83,1.0,22.0,243,False,547724,substitute,68678,,medium,13424949,1766865600,2025-12-27T20:00:00Z,1,Nigeria,4785
917305,Edo Kayembe,kayembe-edo,M,DR Congo,4823,6.5,0.5,144,1.0,1.0,144,0,145,1.0,1321,125,2.0,9.0,243,False,548183,substitute,68589,,hard,13424951,1766847600,2025-12-27T15:00:00Z,1,Senegal,4739
1002711,Pape Matar Sarr,pape-matar-sarr,M,Senegal,4739,6.5,0.0,211,0.0,0.0,211,0,211,6.7,9234,15,7.0,174.0,243,False,548001,substitute,68619,,easy,13424951,1766847600,2025-12-27T15:00:00Z,1,DR Congo,4823
149731,Sébastien Haller,sebastien-haller,F,Côte d'Ivoire,4768,6.5,0.0,118,,,118,0,116,4.2,5800,15,10.0,78.0,141,False,547668,True,68995,,medium,13424956,1766952000,2025-12-28T20:00:00Z,1,Cameroon,4751
1013842,Emmanuel Agbadou,emmanuel-agbadou,D,Côte d'Ivoire,4768,6.5,0.0,158,,,158,0,157,3.5,4852,43,3.0,49.0,206,False,547683,True,69005,,medium,13424956,1766952000,2025-12-28T20:00:00Z,1,Cameroon,4751
846081,Houssem Aouar,aouar-houssem,M,Algeria,4691,6.5,0.0,219,,,219,0,219,2.9,3950,44,4.0,45.0,243,False,547922,True,69199,,easy,13424954,1766943000,2025-12-28T17:30:00Z,1,Burkina Faso,4749
1067582,Flavien Boyomo,boyomo-flavien,D,Cameroon,4751,6.5,0.0,152,,,152,0,151,2.9,4035,49,,18.0,206,False,547869,True,69092,,medium,13424956,1766952000,2025-12-28T20:00:00Z,1,Côte d'Ivoire,4768
1049442,Ilan Kebbal,ilan-kebbal,M,Algeria,4691,6.5,0.0,213,,,213,0,213,1.6,2208,78,,33.0,243,False,547927,True,69202,,easy,13424954,1766943000,2025-12-28T17:30:00Z,1,Burkina Faso,4749
1188191,Oumar Diakité,oumar-diakite,F,Côte d'Ivoire,4768,6.5,0.0,82,,,82,0,81,1.5,2058,44,,13.0,141,False,547675,True,69012,,medium,13424956,1766952000,2025-12-28T20:00:00Z,1,Cameroon,4751
153158,Naïm Sliti,naim-sliti,M,Tunisia,4729,6.5,0.0,209,0.0,0.0,209,0,209,1.1,1459,117,,15.0,243,False,547739,substitute,68680,,medium,13424949,1766865600,2025-12-27T20:00:00Z,1,Nigeria,4785
940328,Jean-Philippe Krasso,jean-philippe-krasso,F,Côte d'Ivoire,4768,6.5,0.0,96,,,96,0,94,1.0,1338,59,,7.0,141,False,547681,True,69015,,medium,13424956,1766952000,2025-12-28T20:00:00Z,1,Cameroon,4751
758664,Charles Pickel,charles-pickel,M,DR Congo,4823,6.5,0.0,212,0.0,0.0,212,0,212,0.9,1255,129,1.0,3.0,243,False,548171,substitute,68590,,hard,13424951,1766847600,2025-12-27T15:00:00Z,1,Senegal,4739
1095731,Oussama Targhalline,oussama-targhalline,M,Morocco,4778,6.5,0.0,196,0.0,0.0,196,0,197,0.7,914,138,,4.0,243,False,547987,substitute,68945,,veryEasy,13424945,1766779200,2025-12-26T20:00:00Z,1,Mali,4831
945204,Elias Achouri,elias-achouri,M,Tunisia,4729,6.1,9.5,4,0.0,0.0,2,19,1,7.5,10258,13,480.0,70.0,243,False,547725,starter,68683,,medium,13424949,1766865600,2025-12-27T20:00:00Z,1,Nigeria,4785
961684,Anass Salah-Eddine,anass-salah-eddine,D,Morocco,4778,6.1,9.0,9,3.0,3.0,4,15,1,10.4,14333,9,241.0,31.0,206,False,547990,starter,68960,,veryEasy,13424945,1766779200,2025-12-26T20:00:00Z,1,Mali,4831
126071,Kalidou Koulibaly,kalidou-koulibaly,D,Senegal,4739,6.1,6.0,29,4.0,4.0,14,8,22,31.6,43337,1,78.0,44.0,206,False,548003,starter,68609,,easy,13424951,1766847600,2025-12-27T15:00:00Z,1,DR Congo,4823
1002033,Guéla Doué,guela-doue,D,Côte d'Ivoire,4768,6.0,10.0,5,,,32,10,8,10.8,14827,7,73.0,13.0,206,False,547677,True,69010,,medium,13424956,1766952000,2025-12-28T20:00:00Z,1,Cameroon,4751
122810,Aïssa Mandi,aissa-mandi,D,Algeria,4691,6.0,9.0,14,,,44,9,17,8.6,11823,12,35.0,16.0,206,False,547924,True,69186,,easy,13424954,1766943000,2025-12-28T17:30:00Z,1,Burkina Faso,4749
918723,Mohamed Hamdi,mohamed-hamdi,D,Egypt,4758,6.0,9.0,8,9.0,9.0,3,9,13,5.5,7547,29,131.0,13.0,206,False,547848,starter,68778,,medium,13424947,1766761200,2025-12-26T15:00:00Z,1,South Africa,4736
845281,Fredy,fredy,M,Angola,4692,6.0,8.0,8,8.0,8.0,6,8,11,3.9,5315,26,104.0,21.0,243,False,548040,starter,68819,,easy,13424948,1766752200,2025-12-26T12:30:00Z,1,Zimbabwe,4719
591706,Ellyes Skhiri,ellyes-skhiri,M,Tunisia,4729,6.0,7.5,13,6.0,6.0,7,9,8,4.5,6232,23,75.0,15.0,243,False,547726,starter,68675,,medium,13424949,1766865600,2025-12-27T20:00:00Z,1,Nigeria,4785
344953,Théo Bongonda,theo-bongonda,M,DR Congo,4823,6.0,7.0,16,4.0,4.0,11,10,6,5.4,7367,17,177.0,16.0,243,False,548169,starter,68593,,hard,13424951,1766847600,2025-12-27T15:00:00Z,1,Senegal,4739
174975,Arthur Masuaku,arthur-masuaku,D,DR Congo,4823,6.0,6.5,28,3.0,3.0,13,10,12,8.2,11312,15,99.0,20.0,206,False,548173,starter,68583,,hard,13424951,1766847600,2025-12-27T15:00:00Z,1,Senegal,4739
307274,Semi Ajayi,semi-ajayi,D,Nigeria,4785,6.0,6.0,33,0.0,0.0,18,12,4,7.4,10117,18,64.0,23.0,206,False,547795,starter,68750,,medium,13424949,1766865600,2025-12-27T20:00:00Z,1,Tunisia,4729
881117,Teboho Mokoena,teboho-mokoena,M,South Africa,4736,6.0,6.0,20,6.0,6.0,12,6,22,6.9,9537,14,122.0,27.0,243,False,548197,starter,68842,,medium,13424947,1766761200,2025-12-26T15:00:00Z,1,Egypt,4758
998241,Darlin Yongwa,darlin-yongwa,D,Cameroon,4751,6.0,6.0,35,,,59,6,37,5.3,7284,34,5.0,6.0,206,False,547878,True,69080,,medium,13424956,1766952000,2025-12-28T20:00:00Z,1,Côte d'Ivoire,4768
817979,Axel Tuanzebe,axel-tuanzebe,D,DR Congo,4823,6.0,5.5,40,4.0,4.0,20,7,32,7.6,10371,16,22.0,14.0,206,False,548179,starter,68585,,hard,13424951,1766847600,2025-12-27T15:00:00Z,1,Senegal,4739
933115,Show,show,M,Angola,4692,6.0,5.5,23,2.0,2.0,15,9,10,3.1,4309,41,9.0,37.0,243,False,548041,starter,68818,,easy,13424948,1766752200,2025-12-26T12:30:00Z,1,Zimbabwe,4719
877103,Jawad El Yamiq,jawad-el-yamiq,D,Morocco,4778,6.0,5.0,48,2.0,2.0,30,8,24,5.9,8084,24,25.0,20.0,206,False,547994,starter,68948,,veryEasy,13424945,1766779200,2025-12-26T20:00:00Z,1,Mali,4831
984505,Oswin Appollis,oswin-appollis,M,South Africa,4736,6.0,4.5,37,1.0,1.0,23,8,15,5.1,7007,19,36.0,29.0,243,False,548194,starter,68845,,medium,13424947,1766761200,2025-12-26T15:00:00Z,1,Egypt,4758
873534,Krépin Diatta,krepin-diatta,M,Senegal,4739,6.0,4.5,38,3.0,3.0,24,6,25,2.1,2930,65,24.0,10.0,243,False,551375,starter,69718,,easy,13424951,1766847600,2025-12-27T15:00:00Z,1,DR Congo,4823
360938,Bono,bono,G,Morocco,4778,6.0,4.0,15,1.0,1.0,12,7,9,55.5,76133,1,21.0,148.0,76,False,547972,starter,68937,,veryEasy,13424945,1766779200,2025-12-26T20:00:00Z,1,Mali,4831
868268,Cherif Ndiaye,ndiaye-cherif,F,Senegal,4739,6.0,3.0,29,0.0,0.0,25,6,22,2.8,3824,22,17.0,14.0,141,False,548016,substitute,68631,,easy,13424951,1766847600,2025-12-27T15:00:00Z,1,DR Congo,4823
933780,Aliou Dieng,aliou-dieng,M,Mali,4831,6.0,2.5,68,4.0,4.0,54,1,91,3.3,4552,37,24.0,17.0,243,False,547750,starter,68917,,veryHard,13424945,1766779200,2025-12-26T20:00:00Z,1,Morocco,4778
844842,Yves Bissouma,yves-bissouma,M,Mali,4831,6.0,2.0,92,2.0,2.0,113,0,128,9.3,12697,8,21.0,74.0,243,False,547749,starter,68909,,veryHard,13424945,1766779200,2025-12-26T20:00:00Z,1,Morocco,4778
892235,David Carmo,david-carmo,D,Angola,4692,6.0,2.0,74,4.0,4.0,70,0,101,5.5,7509,30,4.0,8.0,206,False,548033,starter,68814,,easy,13424948,1766752200,2025-12-26T12:30:00Z,1,Zimbabwe,4719
804621,Lassana Coulibaly,coulibaly-lassana,M,Mali,4831,6.0,2.0,86,4.0,4.0,79,0,127,3.1,4278,42,3.0,15.0,243,False,547759,starter,68931,,veryHard,13424945,1766779200,2025-12-26T20:00:00Z,1,Morocco,4778
1047321,Rafiki Saïd,rafiki-said,M,Comoros,23494,6.0,1.5,97,1.0,1.0,91,2,83,2.6,3517,55,3.0,8.0,243,False,547698,starter,68890,,medium,13424946,1766770200,2025-12-26T17:30:00Z,1,Zambia,4720
1089453,Saúl Coco,saul-coco,D,Equatorial Guinea,8032,6.0,1.0,92,,,94,1,84,5.9,8044,25,,24.0,206,False,548136,True,69158,,medium,13424955,1766934000,2025-12-28T15:00:00Z,1,Sudan,4734
880622,Ahmed Fatouh,ahmed-fatouh,D,Egypt,4758,6.0,1.0,90,0.0,0.0,90,2,76,5.4,7457,31,2.0,62.0,206,False,547851,substitute,68779,,medium,13424947,1766761200,2025-12-26T15:00:00Z,1,South Africa,4736
333341,Mabululu,mabululu,F,Angola,4692,6.0,1.0,56,0.0,0.0,56,2,42,4.7,6485,13,3.0,110.0,141,False,548030,substitute,68826,,easy,13424948,1766752200,2025-12-26T12:30:00Z,1,Zimbabwe,4719
910121,Fisayo Dele-Bashiru,dele-bashiru-oluwafisayo,M,Nigeria,4785,6.0,1.0,113,0.0,0.0,112,2,87,2.7,3738,48,2.0,9.0,243,False,547791,substitute,68762,,medium,13424949,1766865600,2025-12-27T20:00:00Z,1,Tunisia,4729
988632,Jim Allevinah,jim-allevinah,M,Gabon,4761,6.0,1.0,124,,,139,1,113,2.7,3712,50,1.0,12.0,243,False,548222,True,69071,,medium,13424957,1766925000,2025-12-28T12:30:00Z,1,Mozambique,4783
1000150,Zito Luvumbo,zito-luvumbo,F,Angola,4692,6.0,1.0,51,0.0,0.0,49,2,40,2.6,3503,31,3.0,19.0,141,False,548027,substitute,68821,,easy,13424948,1766752200,2025-12-26T12:30:00Z,1,Zimbabwe,4719
826545,Mohamed Hany,mohamed-hany,D,Egypt,4758,6.0,0.5,101,-4.0,-4.0,96,5,49,8.6,11822,13,6.0,318.0,206,False,547843,starter,68777,,medium,13424947,1766761200,2025-12-26T15:00:00Z,1,South Africa,4736
967032,Emam Ashour,emam-ashour,M,Egypt,4758,6.0,0.5,132,1.0,1.0,120,0,138,7.6,10364,12,17.0,180.0,243,False,547835,substitute,68781,,medium,13424947,1766761200,2025-12-26T15:00:00Z,1,South Africa,4736
1007556,Fiston Mayele,fiston-mayele,F,DR Congo,4823,6.0,0.5,69,1.0,1.0,58,0,71,5.3,7312,12,6.0,77.0,141,False,548166,substitute,68598,,hard,13424951,1766847600,2025-12-27T15:00:00Z,1,Senegal,4739
875890,Chidera Ejuke,chidera-ejuke,M,Nigeria,4785,6.0,0.5,140,1.0,1.0,133,0,142,3.2,4401,40,,24.0,243,False,547794,substitute,68765,,medium,13424949,1766865600,2025-12-27T20:00:00Z,1,Tunisia,4729
923969,Michel Ange Balikwisha,michel-ange-balikwisha,M,DR Congo,4823,6.0,0.5,146,1.0,1.0,146,0,147,2.6,3623,52,,11.0,243,False,548182,substitute,68594,,hard,13424951,1766847600,2025-12-27T15:00:00Z,1,Senegal,4739
918506,Mohanad Lasheen,mohanad-lasheen,M,Egypt,4758,6.0,0.5,129,1.0,1.0,117,0,136,2.3,3222,62,,12.0,243,False,547860,substitute,68794,,medium,13424947,1766761200,2025-12-26T15:00:00Z,1,South Africa,4736
1006189,Issa Kaboré,issa-kabore,D,Burkina Faso,4749,6.0,0.0,161,,,161,0,160,6.8,9360,20,10.0,50.0,206,False,547893,True,69108,,hard,13424954,1766943000,2025-12-28T17:30:00Z,1,Algeria,4691
1049538,Ousmane Camara,ousmane-camara,D,Mali,4831,6.0,0.0,170,0.0,0.0,170,0,169,5.7,7860,26,2.0,36.0,206,False,547768,starter,68916,,veryHard,13424945,1766779200,2025-12-26T20:00:00Z,1,Morocco,4778
785850,Aaron Appindangoyé,aaron-appindangoye,D,Gabon,4761,6.0,0.0,121,,,121,0,120,5.1,7064,35,1.0,25.0,206,False,548226,True,69052,,medium,13424957,1766925000,2025-12-28T12:30:00Z,1,Mozambique,4783
1597145,Abdelhamid Ait Boudlal,abdelhamid-ait-boudlal,D,Morocco,4778,6.0,0.0,174,0.0,0.0,174,0,173,4.7,6397,38,3.0,27.0,206,False,547992,substitute,68959,,veryEasy,13424945,1766779200,2025-12-26T20:00:00Z,1,Mali,4831
822708,Amadou Haidara,amadou-haidara,M,Mali,4831,6.0,0.0,170,0.0,0.0,170,0,171,3.6,4965,31,3.0,32.0,243,False,547755,substitute,68923,,veryHard,13424945,1766779200,2025-12-26T20:00:00Z,1,Morocco,4778
829093,Ibrahima Sissoko,ibrahima-sissoko,M,Mali,4831,6.0,0.0,228,0.0,0.0,228,0,228,3.3,4520,38,1.0,24.0,243,False,547771,substitute,68924,,veryHard,13424945,1766779200,2025-12-26T20:00:00Z,1,Morocco,4778
1129862,Raphael Onyedika,raphael-onyedika,M,Nigeria,4785,6.0,0.0,237,0.0,0.0,237,0,237,3.0,4184,43,1.0,31.0,243,False,547790,substitute,68760,,medium,13424949,1766865600,2025-12-27T20:00:00Z,1,Tunisia,4729
918996,Seifeddine Jaziri,seifeddine-jaziri,F,Tunisia,4729,6.0,0.0,111,0.0,0.0,111,0,109,2.8,3802,23,6.0,41.0,141,False,547732,substitute,68687,,medium,13424949,1766865600,2025-12-27T20:00:00Z,1,Nigeria,4785
1493689,Assane Diao,assane-diao,F,Senegal,4739,6.0,0.0,78,,,78,0,77,2.8,3908,21,7.0,21.0,141,False,548009,True,68622,,easy,13424951,1766847600,2025-12-27T15:00:00Z,1,DR Congo,4823
1888002,Christ Inao Oulaï,christ-inao-oulai,M,Côte d'Ivoire,4768,6.0,0.0,202,,,202,0,203,2.8,3803,45,,14.0,243,False,547688,True,69013,,medium,13424956,1766952000,2025-12-28T20:00:00Z,1,Cameroon,4751
1089108,Ilias Akhomach,ilias-akhomach,M,Morocco,4778,6.0,0.0,233,0.0,0.0,233,0,233,2.7,3727,49,4.0,17.0,243,False,547985,substitute,68956,,veryEasy,13424945,1766779200,2025-12-26T20:00:00Z,1,Mali,4831
960080,Boulaye Dia,dia-boulaye,F,Senegal,4739,6.0,0.0,104,0.0,0.0,104,0,102,2.7,3668,25,1.0,20.0,141,False,548010,substitute,68629,,easy,13424951,1766847600,2025-12-27T15:00:00Z,1,DR Congo,4823
818218,Christian Bassogog,christian-bassogog,M,Cameroon,4751,6.0,0.0,192,,,192,0,193,2.7,3672,51,1.0,13.0,243,False,547876,True,69073,,medium,13424956,1766952000,2025-12-28T20:00:00Z,1,Côte d'Ivoire,4768
255999,Omar Mascarell,omar-mascarell,M,Equatorial Guinea,8032,6.0,0.0,187,,,187,0,188,2.7,3759,47,,11.0,243,False,548139,True,69165,,medium,13424955,1766934000,2025-12-28T15:00:00Z,1,Sudan,4734
802159,Habib Diallo,habib-diallo,F,Senegal,4739,6.0,0.0,120,0.0,0.0,120,0,118,2.6,3564,30,3.0,12.0,141,False,548014,substitute,68630,,easy,13424951,1766847600,2025-12-27T15:00:00Z,1,DR Congo,4823
295123,Paul Onuachu,paul-onuachu,F,Nigeria,4785,6.0,0.0,101,0.0,0.0,101,0,99,2.6,3573,28,5.0,15.0,141,False,547784,substitute,68771,,medium,13424949,1766865600,2025-12-27T20:00:00Z,1,Tunisia,4729
825945,Simon Banza,simon-banza,F,DR Congo,4823,6.0,0.0,113,,,113,0,111,2.6,3569,29,3.0,17.0,141,False,548172,True,68597,,hard,13424951,1766847600,2025-12-27T15:00:00Z,1,Senegal,4739
904994,Junior Dina Ebimbe,junior-dina-ebimbe,M,Cameroon,4751,6.0,0.0,158,,,158,0,159,2.6,3586,53,2.0,16.0,243,False,547874,True,69097,,medium,13424956,1766952000,2025-12-28T20:00:00Z,1,Côte d'Ivoire,4768
326343,Jean-Philippe Gbamin,jean-philippe-gbamin,M,Côte d'Ivoire,4768,6.0,0.0,157,,,157,0,158,2.6,3551,54,,11.0,243,False,547691,True,69000,,medium,13424956,1766952000,2025-12-28T20:00:00Z,1,Cameroon,4751
1107592,Monsef Bakrar,monsef-bakrar,F,Algeria,4691,6.0,0.0,121,,,121,0,119,2.5,3436,32,2.0,11.0,141,False,547934,True,69206,,easy,13424954,1766943000,2025-12-28T17:30:00Z,1,Burkina Faso,4749
353950,Malick Evouna,evouna-malick,M,Gabon,4761,6.0,0.0,197,,,197,0,198,2.5,3478,56,1.0,15.0,243,False,548232,True,69070,,medium,13424957,1766925000,2025-12-28T12:30:00Z,1,Mozambique,4783
1002334,Zini,zini,F,Angola,4692,6.0,0.0,130,,,130,0,128,2.3,3131,33,1.0,14.0,141,False,548034,True,68828,,easy,13424948,1766752200,2025-12-26T12:30:00Z,1,Zimbabwe,4719
855808,Samuel Essende,samuel-essende,F,DR Congo,4823,6.0,0.0,90,0.0,0.0,90,0,89,2.2,3020,35,,12.0,141,False,548175,substitute,68599,,hard,13424951,1766847600,2025-12-27T15:00:00Z,1,Senegal,4739
945830,Himad Abdelli,himad-abdelli,M,Algeria,4691,6.0,0.0,203,,,203,0,204,0.0,19,241,3.0,3.0,243,False,558331,True,69852,,easy,13424954,1766943000,2025-12-28T17:30:00Z,1,Burkina Faso,4749
1130946,Elias Saad,elias-saad,F,Tunisia,4729,6.0,-0.5,241,0.0,0.0,241,-1,242,3.4,4697,34,4.0,39.0,243,False,547728,substitute,68682,,medium,13424949,1766865600,2025-12-27T20:00:00Z,1,Nigeria,4785
953995,Soufiane Rahimi,soufiane-rahimi,F,Morocco,4778,6.0,-1.0,141,1.0,1.0,141,-3,141,5.8,8003,10,14.0,114.0,141,False,547982,substitute,68944,,veryEasy,13424945,1766779200,2025-12-26T20:00:00Z,1,Mali,4831
871735,Mohamed El-Shenawy,mohamed-el-shenawy,G,Egypt,4758,5.9,9.0,2,13.0,13.0,1,5,14,15.6,21356,4,119.0,22.0,76,False,547839,starter,68786,,medium,13424947,1766761200,2025-12-26T15:00:00Z,1,South Africa,4736
867299,Hervé Koffi,herve-koffi,G,Burkina Faso,4749,5.9,2.0,22,,,23,2,20,13.2,18118,5,2.0,33.0,76,False,547894,True,69101,,hard,13424954,1766943000,2025-12-28T17:30:00Z,1,Algeria,4691
187729,Romain Saïss,romain-saiss,D,Morocco,4778,5.6,1.0,97,,,110,1,89,5.5,7610,28,14.0,120.0,206,False,547988,True,68958,,veryEasy,13424945,1766779200,2025-12-26T20:00:00Z,1,Mali,4831
831781,Ghislain Konan,ghislain-konan,D,Côte d'Ivoire,4768,5.5,10.0,7,,,34,10,10,3.9,5382,40,62.0,9.0,206,False,547686,True,68997,,medium,13424956,1766952000,2025-12-28T20:00:00Z,1,Cameroon,4751
869038,Nouhou Tolo,nouhou-tolo,D,Cameroon,4751,5.5,10.0,4,,,29,10,7,2.9,4029,50,76.0,8.0,206,False,547866,True,69074,,medium,13424956,1766952000,2025-12-28T20:00:00Z,1,Côte d'Ivoire,4768
877977,Yahia Fofana,yahia-fofana,G,Côte d'Ivoire,4768,5.5,8.0,5,,,11,8,5,8.8,12010,7,9.0,13.0,76,False,547680,True,68993,,medium,13424956,1766952000,2025-12-28T20:00:00Z,1,Cameroon,4751
897291,Ismail Jakobs,ismail-jakobs,D,Senegal,4739,5.5,8.0,19,4.0,4.0,9,12,3,6.3,8645,22,167.0,17.0,206,False,548015,starter,68613,,easy,13424951,1766847600,2025-12-27T15:00:00Z,1,DR Congo,4823
1124357,Junior Olaitan,junior-olaitan,M,Benin,4744,5.5,8.0,12,8.0,8.0,33,0,122,1.4,1864,94,6.0,1.0,243,False,547943,starter,68655,,easy,13424953,1766838600,2025-12-27T12:30:00Z,1,Botswana,4747
1103597,Novatus Miroshi,novatus-miroshi,M,Tanzania,4835,5.5,7.5,14,6.0,6.0,9,9,9,2.0,2715,67,102.0,18.0,243,False,548244,starter,68735,,hard,13424950,1766856600,2025-12-27T17:30:00Z,1,Uganda,4726
31993,Bruno Ecuele Manga,bruno-ecuele-manga,D,Gabon,4761,5.5,7.0,25,,,56,7,30,1.9,2572,73,2.0,4.0,206,False,548224,True,69053,,medium,13424957,1766925000,2025-12-28T12:30:00Z,1,Mozambique,4783
845271,Dylan Bronn,dylan-bronn,D,Tunisia,4729,5.5,6.0,30,6.0,6.0,15,6,36,2.6,3578,58,16.0,7.0,206,False,547736,starter,68666,,medium,13424949,1766865600,2025-12-27T20:00:00Z,1,Nigeria,4785
364758,Issoufou Dayo,issoufou-dayo,D,Burkina Faso,4749,5.5,6.0,38,,,63,6,40,2.6,3542,59,3.0,8.0,206,False,547906,True,69106,,hard,13424954,1766943000,2025-12-28T17:30:00Z,1,Algeria,4691
1170532,Jacques Ekomie,jacques-ekomie,D,Gabon,4761,5.5,6.0,36,,,60,6,38,1.9,2631,71,2.0,4.0,206,False,548223,True,69051,,medium,13424957,1766925000,2025-12-28T12:30:00Z,1,Mozambique,4783
1093070,Junior Tchamadeu,junior-tchamadeu,D,Cameroon,4751,5.5,6.0,39,,,64,6,41,1.8,2482,75,1.0,3.0,206,False,547881,True,69083,,medium,13424956,1766952000,2025-12-28T20:00:00Z,1,Côte d'Ivoire,4768
825067,Gelson Dala,gelson-dala,F,Angola,4692,5.5,6.0,11,9.0,9.0,7,3,31,1.0,1438,57,92.0,13.0,141,False,548029,starter,68806,,easy,13424948,1766752200,2025-12-26T12:30:00Z,1,Zimbabwe,4719
1175240,Rogers Mato,mato-rogers,F,Uganda,4726,5.5,5.5,16,5.0,5.0,10,6,17,0.8,1094,71,5.0,3.0,141,False,548084,starter,68710,,easy,13424950,1766856600,2025-12-27T17:30:00Z,1,Tanzania,4835
539792,Ronwen Williams,williams-ronwen,G,South Africa,4736,5.5,5.0,12,4.0,4.0,8,6,11,18.0,24721,3,43.0,40.0,76,False,548196,starter,68829,,medium,13424947,1766761200,2025-12-26T15:00:00Z,1,Egypt,4758
831424,Reinildo Mandava,reinildo-mandava,D,Mozambique,4783,5.5,5.0,50,,,66,5,44,5.0,6877,36,12.0,18.0,206,False,548053,True,69022,,medium,13424957,1766925000,2025-12-28T12:30:00Z,1,Gabon,4761
865057,Patson Daka,patson-daka,F,Zambia,4720,5.5,5.0,17,2.0,2.0,11,8,8,4.3,5856,14,80.0,71.0,141,False,548108,starter,68966,,medium,13424946,1766770200,2025-12-26T17:30:00Z,1,Comoros,23494
1019038,Gustavo Sangaré,gustavo-sangare,M,Burkina Faso,4749,5.5,5.0,33,,,66,5,34,1.8,2441,70,9.0,3.0,243,False,547907,True,69115,,hard,13424954,1766943000,2025-12-28T17:30:00Z,1,Algeria,4691
1634359,Royce Openda,openda-royce,F,Gabon,4761,5.5,5.0,20,,,29,5,23,1.2,1685,49,5.0,5.0,141,False,548219,True,69067,,medium,13424957,1766925000,2025-12-28T12:30:00Z,1,Mozambique,4783
786029,Didier N'Dong,didier-ndong,M,Gabon,4761,5.5,5.0,29,,,55,5,30,1.2,1592,105,9.0,2.0,243,False,548220,True,69061,,medium,13424957,1766925000,2025-12-28T12:30:00Z,1,Mozambique,4783
177103,André Poko,andre-poko,M,Gabon,4761,5.5,5.0,31,,,57,5,32,1.2,1583,106,2.0,1.0,243,False,548227,True,69059,,medium,13424957,1766925000,2025-12-28T12:30:00Z,1,Mozambique,4783
905541,Siyabonga Ngezana,siyabonga-ngezana,D,South Africa,4736,5.5,4.5,55,4.0,4.0,42,5,46,2.4,3279,63,9.0,7.0,206,False,548200,starter,68837,,medium,13424947,1766761200,2025-12-26T15:00:00Z,1,Egypt,4758
197550,Youssouf M'Changama,youssouf-mchangama,M,Comoros,23494,5.5,4.5,35,5.0,5.0,21,4,40,1.3,1737,99,13.0,9.0,243,False,547700,starter,68895,,medium,13424946,1766770200,2025-12-26T17:30:00Z,1,Zambia,4720
837099,Aubrey Modiba,aubrey-modiba,D,South Africa,4736,5.5,4.0,61,3.0,3.0,49,5,47,2.7,3663,57,8.0,12.0,206,False,548207,starter,68835,,medium,13424947,1766761200,2025-12-26T15:00:00Z,1,Egypt,4758
1214772,Hassane Imourane,hassane-imourane,M,Benin,4744,5.5,4.0,39,2.0,2.0,25,6,26,1.2,1610,103,7.0,9.0,243,False,547950,starter,68648,,easy,13424953,1766838600,2025-12-27T12:30:00Z,1,Botswana,4747
842745,Faïz Selemani,faiz-selemani,F,Comoros,23494,5.5,4.0,22,1.0,1.0,17,7,13,0.9,1223,63,14.0,14.0,141,False,547699,substitute,68889,,medium,13424946,1766770200,2025-12-26T17:30:00Z,1,Zambia,4720
936047,Khuliso Mudau,khuliso-mudau,D,South Africa,4736,5.5,3.5,64,3.0,3.0,54,4,56,5.4,7363,33,28.0,17.0,206,False,548204,starter,68832,,medium,13424947,1766761200,2025-12-26T15:00:00Z,1,Egypt,4758
1049534,Jaouen Hadjam,jaouen-hadjam,D,Algeria,4691,5.5,3.0,70,,,83,3,65,2.8,3828,55,14.0,19.0,206,False,547928,True,69189,,easy,13424954,1766943000,2025-12-28T17:30:00Z,1,Burkina Faso,4749
800348,Jonathan Buatu,jonathan-buatu-mananga,D,Angola,4692,5.5,3.0,66,6.0,6.0,58,0,99,1.8,2405,77,1.0,6.0,206,False,548045,starter,68815,,easy,13424948,1766752200,2025-12-26T12:30:00Z,1,Zimbabwe,4719
1991585,Hazem Mastouri,hazem-mestouri,F,Tunisia,4729,5.5,3.0,30,3.0,3.0,28,3,32,1.7,2300,40,20.0,15.0,141,False,547733,starter,68685,,medium,13424949,1766865600,2025-12-27T20:00:00Z,1,Nigeria,4785
305282,Jean Michaël Seri,jean-michael-seri,M,Côte d'Ivoire,4768,5.5,3.0,61,,,83,3,58,1.4,1880,93,7.0,3.0,243,False,547689,True,69041,,medium,13424956,1766952000,2025-12-28T20:00:00Z,1,Cameroon,4751
786586,Pablo Ganet,pablo-ganet,M,Equatorial Guinea,8032,5.5,3.0,65,,,87,3,62,1.1,1483,115,2.0,6.0,243,False,548149,True,69166,,medium,13424955,1766934000,2025-12-28T15:00:00Z,1,Sudan,4734
942834,Cheick Tidiane Sabaly,cheick-tidiane-sabaly,F,Senegal,4739,5.5,3.0,27,1.0,1.0,23,5,24,0.8,1114,70,5.0,7.0,141,False,548020,substitute,68624,,easy,13424951,1766847600,2025-12-27T15:00:00Z,1,DR Congo,4823
892624,Samuel Moutoussamy,moutoussamy-samuel,M,DR Congo,4823,5.5,2.5,69,3.0,3.0,58,2,71,1.6,2185,81,12.0,6.0,243,False,548177,starter,68577,,hard,13424951,1766847600,2025-12-27T15:00:00Z,1,Senegal,4739
1002367,Beni Mukendi,beni-mukendi,M,Angola,4692,5.5,2.5,72,3.0,3.0,61,2,72,1.1,1484,114,,4.0,243,False,548042,starter,68804,,easy,13424948,1766752200,2025-12-26T12:30:00Z,1,Zimbabwe,4719
1134441,Bruno Onyemaechi,bruno-onyemaechi,D,Nigeria,4785,5.5,2.0,76,4.0,4.0,73,0,102,2.2,3028,64,3.0,12.0,206,False,547793,starter,68752,,medium,13424949,1766865600,2025-12-27T20:00:00Z,1,Tunisia,4729
806244,Ibrahim Blati Tourè,ibrahim-blati-toure,M,Burkina Faso,4749,5.5,2.0,88,,,101,2,77,1.7,2321,72,4.0,6.0,243,False,547898,True,69111,,hard,13424954,1766943000,2025-12-28T17:30:00Z,1,Algeria,4691
1103488,Rafik Belghali,belghali-rafik,M,Algeria,4691,5.5,2.0,89,,,108,2,78,1.5,2061,84,4.0,4.0,243,False,547933,True,69191,,easy,13424954,1766943000,2025-12-28T17:30:00Z,1,Burkina Faso,4749
1508537,Cyriaque Irié,cyriaque-irie,M,Burkina Faso,4749,5.5,2.0,91,,,111,2,80,1.4,1921,89,1.0,9.0,243,False,547896,True,69123,,hard,13424954,1766943000,2025-12-28T17:30:00Z,1,Algeria,4691
1918931,Gaoussou Diarra,gaoussou-diarra,M,Mali,4831,5.5,2.0,79,3.0,3.0,70,1,93,1.3,1804,96,2.0,7.0,243,False,547762,substitute,68925,,veryHard,13424945,1766779200,2025-12-26T20:00:00Z,1,Morocco,4778
788061,M'Bala Nzola,mbala-nzola,F,Angola,4692,5.5,2.0,41,1.0,1.0,39,3,34,1.2,1644,52,4.0,18.0,141,False,548032,starter,68827,,easy,13424948,1766752200,2025-12-26T12:30:00Z,1,Zimbabwe,4719
1169436,Frank Magri,frank-magri,F,Cameroon,4751,5.5,2.0,45,,,52,2,38,0.9,1189,65,5.0,3.0,141,False,547872,True,69077,,medium,13424956,1766952000,2025-12-28T20:00:00Z,1,Côte d'Ivoire,4768
354046,Joris Kayembe,joris-kayembe-ditu,D,DR Congo,4823,5.5,1.5,80,2.0,2.0,74,1,83,2.5,3371,61,8.0,9.0,206,False,548180,substitute,68576,,hard,13424951,1766847600,2025-12-27T15:00:00Z,1,Senegal,4739
957143,Sebastian Tounekti,tounekti-sebastian,M,Tunisia,4729,5.5,1.5,99,2.0,2.0,93,1,100,1.3,1789,97,27.0,9.0,243,False,547730,substitute,68686,,medium,13424949,1766865600,2025-12-27T20:00:00Z,1,Nigeria,4785
825088,Mbwana Ally Samatta,mbwana-ally-samatta,F,Tanzania,4835,5.5,1.5,49,1.0,1.0,47,2,39,1.1,1541,54,1.0,7.0,141,False,548242,substitute,68733,,hard,13424950,1766856600,2025-12-27T17:30:00Z,1,Uganda,4726
791616,Bright Osayi-Samuel,bright-osayi-samuel,D,Nigeria,4785,5.5,1.0,91,0.0,0.0,91,2,77,2.8,3891,53,8.0,16.0,206,False,547789,starter,68751,,medium,13424949,1766865600,2025-12-27T20:00:00Z,1,Tunisia,4729
1094482,Adil Boulbina,adil-boulbina,M,Algeria,4691,5.5,1.0,117,,,127,1,106,2.2,3031,64,6.0,33.0,243,False,547931,True,69200,,easy,13424954,1766943000,2025-12-28T17:30:00Z,1,Burkina Faso,4749
174911,Steeve Yago,steeve-yago,D,Burkina Faso,4749,5.5,1.0,95,,,106,1,87,2.0,2778,68,,9.0,206,False,547903,True,69107,,hard,13424954,1766943000,2025-12-28T17:30:00Z,1,Algeria,4691
939721,Milson,milson,M,Angola,4692,5.5,1.0,107,1.0,1.0,103,1,102,1.4,1908,91,,8.0,243,False,548028,substitute,68823,,easy,13424948,1766752200,2025-12-26T12:30:00Z,1,Zimbabwe,4719
978301,Jean Onana,jean-onana,M,Cameroon,4751,5.5,1.0,125,,,140,1,114,1.4,1921,88,1.0,2.0,243,False,547875,True,69090,,medium,13424956,1766952000,2025-12-28T20:00:00Z,1,Côte d'Ivoire,4768
1002146,Maestro,maestro,M,Angola,4692,5.5,1.0,104,0.0,0.0,98,2,84,1.3,1810,95,1.0,10.0,243,False,548037,substitute,68802,,easy,13424948,1766752200,2025-12-26T12:30:00Z,1,Zimbabwe,4719
865473,Stephane Aziz Ki,stephane-aziz-ki,F,Burkina Faso,4749,5.5,1.0,64,,,67,1,57,1.1,1525,55,,7.0,141,False,547892,True,69116,,hard,13424954,1766943000,2025-12-28T17:30:00Z,1,Algeria,4691
875548,Aiyegun Tosin,aiyegun-tosin,F,Benin,4744,5.5,1.0,50,1.0,1.0,48,1,47,0.9,1240,62,3.0,7.0,141,False,547944,starter,68658,,easy,13424953,1766838600,2025-12-27T12:30:00Z,1,Botswana,4747
796455,Vakoun Issouf Bayo,bayo-vakoun-issouf,F,Côte d'Ivoire,4768,5.5,1.0,62,,,64,1,55,0.9,1241,61,4.0,1.0,141,False,547685,True,68999,,medium,13424956,1766952000,2025-12-28T20:00:00Z,1,Cameroon,4751
1102857,Pierre Landry Kaboré,pierre-landry-kabore,F,Burkina Faso,4749,5.5,1.0,68,,,72,1,61,0.8,1138,67,3.0,3.0,141,False,547899,True,69121,,hard,13424954,1766943000,2025-12-28T17:30:00Z,1,Algeria,4691
1064103,Luís Asué,luis-asue,F,Equatorial Guinea,8032,5.5,1.0,67,,,70,1,60,0.6,826,80,,,141,False,548140,True,69176,,medium,13424955,1766934000,2025-12-28T15:00:00Z,1,Sudan,4734
987510,Zaidu Sanusi,zaidu-sanusi,D,Nigeria,4785,5.5,0.5,110,0.0,0.0,108,1,95,3.2,4416,45,2.0,35.0,206,False,547792,substitute,68754,,medium,13424949,1766865600,2025-12-27T20:00:00Z,1,Tunisia,4729
826202,Yan Valery,yan-valery,D,Tunisia,4729,5.5,0.5,111,-1.0,-1.0,111,2,79,2.8,3900,52,6.0,17.0,206,False,547734,starter,68664,,medium,13424949,1766865600,2025-12-27T20:00:00Z,1,Nigeria,4785
1890491,Mohau Nkota,mohau-nkota,M,South Africa,4736,5.5,0.5,131,0.0,0.0,119,1,117,1.7,2289,73,2.0,33.0,243,False,548191,substitute,68846,,medium,13424947,1766761200,2025-12-26T15:00:00Z,1,Egypt,4758
913679,Pathé Ismaël Ciss,ismaila-ciss,M,Senegal,4739,5.5,0.5,138,0.0,0.0,129,1,118,1.6,2224,76,4.0,16.0,243,False,548017,substitute,68621,,easy,13424951,1766847600,2025-12-27T15:00:00Z,1,DR Congo,4823
1011207,Mohamed Shehata,mohamed-shehata,M,Egypt,4758,5.5,0.5,134,1.0,1.0,122,0,140,1.1,1557,108,,10.0,243,False,547849,substitute,68800,,medium,13424947,1766761200,2025-12-26T15:00:00Z,1,South Africa,4736
929957,Chico Banza,banza-chico,F,Angola,4692,5.5,0.5,72,0.0,0.0,71,1,64,0.8,1114,69,1.0,12.0,141,False,548026,substitute,68805,,easy,13424948,1766752200,2025-12-26T12:30:00Z,1,Zimbabwe,4719
1154657,Mamadou Sarr,sarr-mamadou,D,Senegal,4739,5.5,0.0,195,0.0,0.0,195,0,194,5.7,7765,27,5.0,101.0,206,False,548012,substitute,68607,,easy,13424951,1766847600,2025-12-27T15:00:00Z,1,DR Congo,4823
894238,Youcef Atal,youcef-atal,D,Algeria,4691,5.5,0.0,203,,,203,0,202,4.7,6438,37,5.0,85.0,206,False,547925,True,69192,,easy,13424954,1766943000,2025-12-28T17:30:00Z,1,Burkina Faso,4749
1471764,El Hadji Malick Diouf,diouf-el-hadji-malick,M,Senegal,4739,5.5,0.0,184,0.0,0.0,184,0,185,3.4,4618,36,9.0,84.0,243,False,548011,substitute,68612,,easy,13424951,1766847600,2025-12-27T15:00:00Z,1,DR Congo,4823
1142675,Chemsdine Talbi,chemsdine-talbi,M,Morocco,4778,5.5,0.0,182,0.0,0.0,182,0,183,2.8,3789,46,8.0,50.0,243,False,547986,substitute,68957,,veryEasy,13424945,1766779200,2025-12-26T20:00:00Z,1,Mali,4831
868235,Sikou Niakaté,sikou-niakate,D,Mali,4831,5.5,0.0,154,,,154,0,153,2.7,3699,56,1.0,21.0,206,False,547764,True,68919,,veryHard,13424945,1766779200,2025-12-26T20:00:00Z,1,Morocco,4778
930231,Christopher Wooh,christopher-wooh,D,Cameroon,4751,5.5,0.0,168,,,168,0,167,2.5,3418,60,3.0,22.0,206,False,547865,True,69072,,medium,13424956,1766952000,2025-12-28T20:00:00Z,1,Côte d'Ivoire,4768
191204,Jean-Charles Castelletto,jean-charles-castelletto,D,Cameroon,4751,5.5,0.0,166,,,166,0,165,2.2,2956,65,,11.0,206,False,547873,True,69079,,medium,13424956,1766952000,2025-12-28T20:00:00Z,1,Côte d'Ivoire,4768
1127169,Nasser Djiga,nasser-djiga,D,Burkina Faso,4749,5.5,0.0,191,,,191,0,190,2.0,2794,67,,10.0,206,False,547900,True,69104,,hard,13424954,1766943000,2025-12-28T17:30:00Z,1,Algeria,4691
259995,Adam Masina,adam-masina,D,Morocco,4778,5.5,0.0,194,0.0,0.0,194,0,193,1.9,2650,70,1.0,7.0,206,False,547991,substitute,68951,,veryEasy,13424945,1766779200,2025-12-26T20:00:00Z,1,Mali,4831
886124,Rocky Bushiri Kiranga,rocky-bushiri-kiranga,D,DR Congo,4823,5.5,0.0,138,0.0,0.0,138,0,137,1.9,2582,72,,5.0,206,False,548188,substitute,68586,,hard,13424951,1766847600,2025-12-27T15:00:00Z,1,Senegal,4739
930245,Evann Guessand,evann-guessand,F,Côte d'Ivoire,4768,5.5,0.0,119,,,119,0,117,1.8,2471,37,6.0,25.0,141,False,547679,True,69043,,medium,13424956,1766952000,2025-12-28T20:00:00Z,1,Cameroon,4751
30744,Emilio Nsue,emilio-nsue,F,Equatorial Guinea,8032,5.5,0.0,94,,,94,0,93,1.7,2318,39,2.0,28.0,141,False,548138,True,69179,,medium,13424955,1766934000,2025-12-28T15:00:00Z,1,Sudan,4734
1035695,Fodé Doucouré,fode-doucoure,M,Mali,4831,5.5,0.0,168,0.0,0.0,168,0,169,1.5,2002,86,,13.0,243,False,547769,substitute,68928,,veryHard,13424945,1766779200,2025-12-26T20:00:00Z,1,Morocco,4778
1140859,Hamza Igamane,hamza-igamane,F,Morocco,4778,5.5,0.0,117,,,117,0,115,1.5,2026,45,5.0,17.0,141,False,547984,True,68990,,veryEasy,13424945,1766779200,2025-12-26T20:00:00Z,1,Mali,4831
342909,Georges-Kévin N'Koudou,georges-kevin-nkoudou,M,Cameroon,4751,5.5,0.0,150,,,150,0,151,1.5,2050,85,1.0,18.0,243,False,547867,True,69082,,medium,13424956,1766952000,2025-12-28T20:00:00Z,1,Côte d'Ivoire,4768
1000472,Adem Zorgane,adem-zorgane,M,Algeria,4691,5.5,0.0,238,,,238,0,238,1.4,1894,92,5.0,9.0,243,False,547930,True,69196,,easy,13424954,1766943000,2025-12-28T17:30:00Z,1,Burkina Faso,4749
311696,Guélor Kanga,guelor-kanga,M,Gabon,4761,5.5,0.0,160,,,160,0,161,1.3,1775,98,,11.0,243,False,548218,True,69058,,medium,13424957,1766925000,2025-12-28T12:30:00Z,1,Mozambique,4783
1183551,Mohamed Zougrana,mohamed-zougrana,M,Burkina Faso,4749,5.5,0.0,165,,,165,0,166,1.2,1602,104,1.0,9.0,243,False,547902,True,69114,,hard,13424954,1766943000,2025-12-28T17:30:00Z,1,Algeria,4691
46799,Pedro Obiang,pedro-obiang,M,Equatorial Guinea,8032,5.5,0.0,189,,,189,0,190,1.2,1620,102,,8.0,243,False,548142,True,69170,,medium,13424955,1766934000,2025-12-28T15:00:00Z,1,Sudan,4734
1014410,Thalente Mbatha,mbatha-thalente,M,South Africa,4736,5.5,0.0,191,0.0,0.0,191,0,192,1.1,1494,113,,7.0,243,False,548201,starter,68843,,medium,13424947,1766761200,2025-12-26T15:00:00Z,1,Egypt,4758
1068286,Rui Modesto,rui-modesto,M,Angola,4692,5.5,0.0,234,0.0,0.0,234,0,234,1.1,1448,118,,8.0,243,False,548043,substitute,68809,,easy,13424948,1766752200,2025-12-26T12:30:00Z,1,Zimbabwe,4719
915614,Bathusi Aubaas,aubaas-bathusi,M,South Africa,4736,5.5,0.0,194,0.0,0.0,194,0,195,1.1,1536,109,,10.0,243,False,548211,substitute,68840,,medium,13424947,1766761200,2025-12-26T15:00:00Z,1,Egypt,4758
1159161,Jérémy Oyono,jeremy-oyono,M,Gabon,4761,5.5,0.0,195,,,195,0,196,1.1,1512,111,,3.0,243,False,548229,True,69049,,medium,13424957,1766925000,2025-12-28T12:30:00Z,1,Mozambique,4783
1014441,Ryan Alebiosu,ryan-alebiosu,M,Nigeria,4785,5.5,0.0,201,0.0,0.0,201,0,202,1.0,1408,123,1.0,6.0,243,False,547803,substitute,68756,,medium,13424949,1766865600,2025-12-27T20:00:00Z,1,Tunisia,4729
1030459,Parfait Guiagon,parfait-guiagon,M,Côte d'Ivoire,4768,5.5,0.0,198,,,198,0,199,1.0,1415,120,,5.0,243,False,547693,True,69044,,medium,13424956,1766952000,2025-12-28T20:00:00Z,1,Cameroon,4751
280447,Olivier Kemen,olivier-kemen,M,Cameroon,4751,5.5,0.0,152,,,152,0,153,1.0,1436,119,1.0,7.0,243,False,547880,True,69081,,medium,13424956,1766952000,2025-12-28T20:00:00Z,1,Côte d'Ivoire,4768
1517711,Martin Ndzie,martin-ndzie,M,Cameroon,4751,5.5,0.0,240,,,240,0,240,1.0,1355,124,,2.0,243,False,547886,True,69096,,medium,13424956,1766952000,2025-12-28T20:00:00Z,1,Côte d'Ivoire,4768
1048067,Osama Faisal,osama-faisal,F,Egypt,4758,5.5,0.0,102,0.0,0.0,102,0,100,0.8,1086,73,1.0,8.0,141,False,547847,substitute,68791,,medium,13424947,1766761200,2025-12-26T15:00:00Z,1,South Africa,4736
1542789,Mamadou Doumbia,mamadou-doumbia,F,Mali,4831,5.5,0.0,108,0.0,0.0,108,0,106,0.8,1054,74,2.0,6.0,141,False,547763,substitute,68934,,veryHard,13424945,1766779200,2025-12-26T20:00:00Z,1,Morocco,4778
1160969,Brian Cipenga,brian-cipenga,F,DR Congo,4823,5.5,0.0,122,0.0,0.0,122,0,120,0.7,1001,75,2.0,3.0,141,False,548185,substitute,68596,,hard,13424951,1766847600,2025-12-27T15:00:00Z,1,Senegal,4739
983282,Ousseni Bouda,ousseni-bouda,F,Burkina Faso,4749,5.5,0.0,112,,,112,0,110,0.6,843,79,,2.0,141,False,547912,True,69120,,hard,13424954,1766943000,2025-12-28T17:30:00Z,1,Algeria,4691
867440,Danny Namaso,danny-namaso,F,Cameroon,4751,5.5,-1.0,140,,,140,-1,140,0.8,1092,72,3.0,6.0,141,False,547868,True,69089,,medium,13424956,1766952000,2025-12-28T20:00:00Z,1,Côte d'Ivoire,4768
845074,Edouard Mendy,edouard-mendy,G,Senegal,4739,5.4,5.0,11,4.0,4.0,7,6,10,20.6,28244,2,37.0,61.0,76,False,548006,starter,68605,,easy,13424951,1766847600,2025-12-27T15:00:00Z,1,DR Congo,4823
362758,Devis Epassy,devis-epassy,G,Cameroon,4751,5.0,10.0,1,,,6,10,2,1.4,1858,17,24.0,7.0,76,False,547882,True,69078,,medium,13424956,1766952000,2025-12-28T20:00:00Z,1,Côte d'Ivoire,4768
1103229,Samuel Kotto,kotto-samuel,D,Cameroon,4751,5.0,10.0,6,,,33,10,9,1.1,1473,91,64.0,3.0,206,False,547887,True,69095,,medium,13424956,1766952000,2025-12-28T20:00:00Z,1,Côte d'Ivoire,4768
889735,Yohan Roche,yohan-roche,D,Benin,4744,5.0,10.0,3,16.0,16.0,2,4,50,0.4,528,136,104.0,3.0,206,False,547952,starter,68640,,easy,13424953,1766838600,2025-12-27T12:30:00Z,1,Botswana,4747
1047983,Yannick Pandor,yannick-pandor,G,Comoros,23494,5.0,8.5,3,9.0,9.0,2,8,4,0.9,1254,25,16.0,4.0,76,False,547705,starter,68907,,medium,13424946,1766770200,2025-12-26T17:30:00Z,1,Zambia,4720
802133,Luca Zidane,luca-zidane,G,Algeria,4691,5.0,8.0,6,,,13,8,6,6.1,8364,8,77.0,13.0,76,False,547932,True,69180,,easy,13424954,1766943000,2025-12-28T17:30:00Z,1,Burkina Faso,4749
1141425,Alex Moucketou-Moussounda,alex-moucketou-moussounda,D,Gabon,4761,5.0,8.0,20,,,50,8,20,0.4,497,147,4.0,1.0,206,False,548234,True,69054,,medium,13424957,1766925000,2025-12-28T12:30:00Z,1,Mozambique,4783
889680,Olivier Verdon,olivier-verdon,D,Benin,4744,5.0,7.5,22,11.0,11.0,10,4,51,0.5,633,118,15.0,2.0,206,False,547948,starter,68642,,easy,13424953,1766838600,2025-12-27T12:30:00Z,1,Botswana,4747
1492520,Georgi Minoungou,georgi-minoungou,M,Burkina Faso,4749,5.0,7.0,19,,,41,7,18,2.0,2791,66,91.0,12.0,243,False,547895,True,69122,,hard,13424954,1766943000,2025-12-28T17:30:00Z,1,Algeria,4691
345035,Steve Mounié,steve-mounie,F,Benin,4744,5.0,7.0,7,7.0,7.0,18,0,65,0.7,931,76,5.0,5.0,141,False,547942,starter,68654,,easy,13424953,1766838600,2025-12-27T12:30:00Z,1,Botswana,4747
906042,Abdoulaye Diaby,abdoulaye-diaby,D,Mali,4831,5.0,6.5,26,7.0,7.0,11,6,35,0.8,1146,97,71.0,5.0,206,False,547775,starter,68920,,veryHard,13424945,1766779200,2025-12-26T20:00:00Z,1,Morocco,4778
1855502,Arsène Kouassi,kan-guy-arsene-kouassi,D,Burkina Faso,4749,5.0,6.0,37,,,61,6,39,1.1,1523,89,19.0,4.0,206,False,547901,True,69109,,hard,13424954,1766943000,2025-12-28T17:30:00Z,1,Algeria,4691
1469685,Ibrahim Hamad,ibrahim-hamad-bacca,D,Tanzania,4835,5.0,6.0,32,9.0,9.0,17,3,58,0.5,686,114,4.0,4.0,206,False,548252,starter,68729,,hard,13424950,1766856600,2025-12-27T17:30:00Z,1,Uganda,4726
919587,Simon Msuva,simon-msuva,F,Tanzania,4835,5.0,6.0,10,8.0,8.0,6,4,26,0.3,446,94,27.0,7.0,141,False,548246,starter,68734,,hard,13424950,1766856600,2025-12-27T17:30:00Z,1,Uganda,4726
599192,Lionel M'Pasi,lionel-mpasi,G,DR Congo,4823,5.0,5.0,13,4.0,4.0,9,6,12,2.1,2881,12,21.0,7.0,76,False,548178,starter,68580,,hard,13424951,1766847600,2025-12-27T15:00:00Z,1,Senegal,4739
2058228,Mbekezeli Mbokazi,mbokazi,D,South Africa,4736,5.0,5.0,49,5.0,5.0,31,5,43,2.0,2697,69,92.0,5.0,206,False,548192,starter,68839,,medium,13424947,1766761200,2025-12-26T15:00:00Z,1,Egypt,4758
987490,Bruno Langa,bruno-langa,D,Mozambique,4783,5.0,5.0,51,,,68,5,45,0.3,450,150,1.0,1.0,206,False,548055,True,69023,,medium,13424957,1766925000,2025-12-28T12:30:00Z,1,Gabon,4761
923882,Tó Carneiro,to-carneiro,D,Angola,4692,5.0,4.5,56,9.0,9.0,43,0,98,0.6,865,105,6.0,5.0,206,False,548046,starter,68811,,easy,13424948,1766752200,2025-12-26T12:30:00Z,1,Zimbabwe,4719
862194,Zaydou Youssouf,zaydou-youssouf,M,Comoros,23494,5.0,4.5,34,6.0,6.0,20,3,52,0.3,432,180,21.0,,243,False,547696,starter,68891,,medium,13424946,1766770200,2025-12-26T17:30:00Z,1,Zambia,4720
1605913,Loyce  Mbaba,loyce-mbaba,G,Gabon,4761,5.0,4.0,16,,,17,4,15,0.8,1032,31,1.0,,76,False,548230,True,69045,,medium,13424957,1766925000,2025-12-28T12:30:00Z,1,Mozambique,4783
986253,Kings Kangwa,kings-kangwa,M,Zambia,4720,5.0,4.0,42,7.0,7.0,30,1,89,0.5,682,159,10.0,2.0,243,False,548111,starter,68981,,medium,13424946,1766770200,2025-12-26T17:30:00Z,1,Comoros,23494
985961,Feisal Salum,feisal-salum,M,Tanzania,4835,5.0,4.0,46,4.0,4.0,76,0,124,0.4,616,161,1.0,5.0,243,False,548243,starter,68739,,hard,13424950,1766856600,2025-12-27T17:30:00Z,1,Uganda,4726
1063327,Hossam Abdelmaguid,hossam-abdelmaguid,D,Egypt,4758,5.0,3.5,63,0.0,0.0,53,7,34,1.2,1699,82,17.0,66.0,206,False,547850,substitute,68784,,medium,13424947,1766761200,2025-12-26T15:00:00Z,1,South Africa,4736
963399,Nathanaël Mbuku,nathanael-mbuku,F,DR Congo,4823,5.0,3.5,24,1.0,1.0,19,6,18,1.0,1394,58,47.0,10.0,141,False,548176,substitute,68595,,hard,13424951,1766847600,2025-12-27T15:00:00Z,1,Senegal,4739
891507,Yacine Bourhane,yacine-bourhane,M,Comoros,23494,5.0,3.5,48,6.0,6.0,36,1,90,0.2,249,217,4.0,,243,False,547708,starter,68898,,medium,13424946,1766770200,2025-12-26T17:30:00Z,1,Zambia,4720
1005401,Sipho Mbule,sipho-mbule,M,South Africa,4736,5.0,3.0,52,1.0,1.0,43,5,36,1.1,1483,116,12.0,21.0,243,False,548198,substitute,68849,,medium,13424947,1766761200,2025-12-26T15:00:00Z,1,Egypt,4758
1424434,Dokou Dodo,dokou-dodo,M,Benin,4744,5.0,3.0,58,3.0,3.0,50,3,56,0.4,595,165,5.0,2.0,243,False,547949,starter,68647,,easy,13424953,1766838600,2025-12-27T12:30:00Z,1,Botswana,4747
149391,Jordan Obita,jordan-obita,D,Uganda,4726,5.0,3.0,65,5.0,5.0,57,1,82,0.3,411,155,1.0,1.0,206,False,548092,starter,68694,,easy,13424950,1766856600,2025-12-27T17:30:00Z,1,Tanzania,4835
836701,Alfons Amade,alfons-amade,M,Mozambique,4783,5.0,3.0,60,,,80,3,57,0.2,252,216,2.0,1.0,243,False,548062,True,69029,,medium,13424957,1766925000,2025-12-28T12:30:00Z,1,Gabon,4761
946381,Akor Adams,akor-adams,F,Nigeria,4785,5.0,2.5,33,5.0,5.0,31,0,66,1.2,1642,53,21.0,16.0,141,False,547780,starter,68766,,medium,13424949,1766865600,2025-12-27T20:00:00Z,1,Tunisia,4729
876626,Fashion Sakala,fashion-sakala,F,Zambia,4720,5.0,2.5,34,1.0,1.0,32,4,28,0.9,1279,60,8.0,18.0,141,False,548109,starter,68985,,medium,13424946,1766770200,2025-12-26T17:30:00Z,1,Comoros,23494
787465,Lubambo Musonda,lubambo-musonda,M,Zambia,4720,5.0,2.5,75,2.0,2.0,65,3,65,0.4,517,172,3.0,2.0,243,False,548116,starter,68986,,medium,13424946,1766770200,2025-12-26T17:30:00Z,1,Comoros,23494
796371,Djigui Diarra,djigui-diarra,G,Mali,4831,5.0,2.0,21,3.0,3.0,20,1,24,1.8,2444,14,5.0,4.0,76,False,547753,starter,68912,,veryHard,13424945,1766779200,2025-12-26T20:00:00Z,1,Morocco,4778
1106257,Anthony Oyono,anthony-oyono,D,Gabon,4761,5.0,2.0,78,,,86,2,70,0.4,614,120,2.0,3.0,206,False,548225,True,69048,,medium,13424957,1766925000,2025-12-28T12:30:00Z,1,Mozambique,4783
973053,Mohamed Husseini,mohamed-husseini,D,Tanzania,4835,5.0,2.0,73,4.0,4.0,69,0,100,0.4,537,133,,4.0,206,False,548247,starter,68722,,hard,13424950,1766856600,2025-12-27T17:30:00Z,1,Uganda,4726
822684,Siphephelo Sithole,sphephelo-sithole,M,South Africa,4736,5.0,2.0,80,3.0,3.0,71,1,94,0.3,406,183,3.0,2.0,243,False,548209,starter,68844,,medium,13424947,1766761200,2025-12-26T15:00:00Z,1,Egypt,4758
851262,Myziane Maolida,maolida-myziane,M,Comoros,23494,5.0,2.0,81,3.0,3.0,72,1,95,0.2,334,196,,1.0,243,False,547695,starter,68887,,medium,13424946,1766770200,2025-12-26T17:30:00Z,1,Zambia,4720
911350,Lameck Banda,lameck-banda,M,Zambia,4720,5.0,1.5,95,2.0,2.0,89,1,97,0.9,1195,130,3.0,7.0,243,False,548110,starter,68984,,medium,13424946,1766770200,2025-12-26T17:30:00Z,1,Comoros,23494
1400846,Mahamadou Doumbia,mahamadou-doumbia,M,Mali,4831,5.0,1.5,96,2.0,2.0,90,1,98,0.7,980,137,21.0,4.0,243,False,547761,starter,68933,,veryHard,13424945,1766779200,2025-12-26T20:00:00Z,1,Morocco,4778
822703,Mamadou Fofana,mamadou-fofana,D,Mali,4831,5.0,1.0,89,0.0,0.0,89,2,75,1.3,1752,81,2.0,14.0,206,False,547766,substitute,68915,,veryHard,13424945,1766779200,2025-12-26T20:00:00Z,1,Morocco,4778
785883,Saidou Simporé,saidou-simpore,D,Burkina Faso,4749,5.0,1.0,94,,,103,1,86,0.4,525,139,3.0,2.0,206,False,547905,True,69113,,hard,13424954,1766943000,2025-12-28T17:30:00Z,1,Algeria,4691
901470,Gerzino Nyamsi,gerzino-nyamsi,D,Cameroon,4751,5.0,1.0,93,,,97,1,85,0.3,374,166,,,206,False,547885,True,69094,,medium,13424956,1766952000,2025-12-28T20:00:00Z,1,Côte d'Ivoire,4768
932764,Randy Nteka,randy-nteka,F,Angola,4692,5.0,1.0,55,2.0,2.0,55,0,70,0.3,360,105,1.0,,141,False,548038,substitute,68824,,easy,13424948,1766752200,2025-12-26T12:30:00Z,1,Zimbabwe,4719
880642,Kennedy Musonda,kennedy-musonda,F,Zambia,4720,5.0,1.0,52,1.0,1.0,50,1,48,0.2,320,109,2.0,1.0,141,False,548112,substitute,68988,,medium,13424946,1766770200,2025-12-26T17:30:00Z,1,Comoros,23494
1471551,Samadou Attidjikou,samadou-attidjikou,M,Benin,4744,5.0,1.0,102,1.0,1.0,96,1,101,0.2,225,226,,,243,False,547959,substitute,68659,,easy,13424953,1766838600,2025-12-27T12:30:00Z,1,Botswana,4747
385002,Stanley Ratifo,stanley-ratifo,F,Mozambique,4783,5.0,1.0,65,,,68,1,58,0.2,207,128,1.0,,141,False,548057,True,69034,,medium,13424957,1766925000,2025-12-28T12:30:00Z,1,Gabon,4761
1171011,Eric Bocoum Baboue,eric-bocoum-baboue,F,Gabon,4761,5.0,1.0,58,,,60,1,51,0.2,247,119,,,141,False,548235,True,69069,,medium,13424957,1766925000,2025-12-28T12:30:00Z,1,Mozambique,4783
922371,Santiago Bocari Eneme,santiago-bocari-eneme,M,Equatorial Guinea,8032,5.0,1.0,121,,,134,1,110,0.2,229,223,,,243,False,548146,True,69171,,medium,13424955,1766934000,2025-12-28T15:00:00Z,1,Sudan,4734
1136280,Shavy Warren Babicka,babicka-shavy-warren,F,Gabon,4761,5.0,1.0,60,,,62,1,53,0.1,198,130,,2.0,141,False,548221,True,69063,,medium,13424957,1766925000,2025-12-28T12:30:00Z,1,Mozambique,4783
1198374,Aymen Dahmen,dahmen-aymen,G,Tunisia,4729,5.0,0.5,26,-1.0,-1.0,26,2,22,3.1,4202,10,3.0,14.0,76,False,547742,starter,68660,,medium,13424949,1766865600,2025-12-27T20:00:00Z,1,Nigeria,4785
933067,Allan Okello,allan-okello,M,Uganda,4726,5.0,0.5,137,-1.0,-1.0,125,2,88,0.8,1120,133,1.0,7.0,243,False,548079,starter,68706,,easy,13424950,1766856600,2025-12-27T17:30:00Z,1,Tanzania,4835
552632,Manuel Benson,manuel-benson,M,Angola,4692,5.0,0.5,143,1.0,1.0,141,0,144,0.6,862,140,4.0,3.0,243,False,548031,starter,68822,,easy,13424948,1766752200,2025-12-26T12:30:00Z,1,Zimbabwe,4719
804764,Chidozie Awaziem,chidozie-awaziem,D,Nigeria,4785,5.0,0.5,98,1.0,1.0,92,0,106,0.6,806,107,1.0,5.0,206,False,547797,substitute,68753,,medium,13424949,1766865600,2025-12-27T20:00:00Z,1,Tunisia,4729
958722,Haji Mnoga,haji-mnoga,M,Tanzania,4835,5.0,0.5,135,-2.0,-2.0,123,3,68,0.2,255,215,,,243,False,548258,starter,68727,,hard,13424950,1766856600,2025-12-27T17:30:00Z,1,Uganda,4726
868909,Kassim M'Dahoma,kassim-mdahoma,D,Comoros,23494,5.0,0.5,99,0.0,0.0,93,1,90,0.2,212,202,,,206,False,547712,substitute,68905,,medium,13424946,1766770200,2025-12-26T17:30:00Z,1,Zambia,4720
1146362,Kelvin John,john-kelvin,F,Tanzania,4835,5.0,0.5,141,1.0,1.0,135,0,143,0.2,312,199,,,243,False,548245,starter,68743,,hard,13424950,1766856600,2025-12-27T17:30:00Z,1,Uganda,4726
896210,Saïd Bakari,said-bakari,D,Comoros,23494,5.0,0.5,107,1.0,1.0,104,0,109,0.2,300,190,1.0,3.0,206,False,547703,starter,68899,,medium,13424946,1766770200,2025-12-26T17:30:00Z,1,Zambia,4720
991200,Gedeon Kalulu,gedeon-kalulu,D,DR Congo,4823,5.0,0.0,173,0.0,0.0,173,0,172,3.2,4355,46,11.0,52.0,206,False,548181,substitute,68575,,hard,13424951,1766847600,2025-12-27T15:00:00Z,1,Senegal,4739
362014,Hamari Traoré,hamari-traore,D,Mali,4831,5.0,0.0,162,,,162,0,161,1.8,2447,76,3.0,34.0,206,False,547756,True,68929,,veryHard,13424945,1766779200,2025-12-26T20:00:00Z,1,Morocco,4778
139310,Willy Boly,willy-boly,D,Côte d'Ivoire,4768,5.0,0.0,201,,,201,0,200,1.8,2519,74,4.0,22.0,206,False,547687,True,69009,,medium,13424956,1766952000,2025-12-28T20:00:00Z,1,Cameroon,4751
1008849,Mohamed Camara,camara-mohamed,M,Mali,4831,5.0,0.0,210,0.0,0.0,210,0,210,1.6,2258,75,3.0,18.0,243,False,547757,substitute,68932,,veryHard,13424945,1766779200,2025-12-26T20:00:00Z,1,Morocco,4778
898741,Yassine Meriah,yassine-meriah,D,Tunisia,4729,5.0,0.0,153,0.0,0.0,153,0,152,1.3,1768,80,2.0,41.0,206,False,547737,substitute,68668,,medium,13424949,1766865600,2025-12-27T20:00:00Z,1,Nigeria,4785
1120615,Antoine Mendy,mendy-antoine,D,Senegal,4739,5.0,0.0,192,0.0,0.0,192,0,191,1.1,1568,86,,8.0,206,False,548023,substitute,68610,,easy,13424951,1766847600,2025-12-27T15:00:00Z,1,DR Congo,4823
981168,Samir Sophian Chergui,samir-sophian-chergui,D,Algeria,4691,5.0,0.0,180,,,180,0,179,0.9,1191,96,5.0,14.0,206,False,547935,True,69184,,easy,13424954,1766943000,2025-12-28T17:30:00Z,1,Burkina Faso,4749
919642,Mohamed Chibi,chibi-mohamed,D,Morocco,4778,5.0,0.0,137,0.0,0.0,137,0,136,0.8,1117,99,5.0,24.0,206,False,547995,substitute,68955,,veryEasy,13424945,1766779200,2025-12-26T20:00:00Z,1,Mali,4831
1022170,Evidence Makgopa,evidence-makgopa,F,South Africa,4736,5.0,0.0,115,0.0,0.0,115,0,113,0.7,905,78,2.0,7.0,141,False,548199,substitute,68841,,medium,13424947,1766761200,2025-12-26T15:00:00Z,1,Egypt,4758
933128,Neblú,neblu,G,Angola,4692,5.0,0.0,55,0.0,0.0,55,0,55,0.7,937,34,,7.0,76,False,548049,substitute,68807,,easy,13424948,1766752200,2025-12-26T12:30:00Z,1,Zimbabwe,4719
1394459,Elias Mokwana,mokwana-elias,M,South Africa,4736,5.0,0.0,174,0.0,0.0,174,0,175,0.6,819,144,1.0,10.0,243,False,548202,substitute,68850,,medium,13424947,1766761200,2025-12-26T15:00:00Z,1,Egypt,4758
1006190,Farid Ouedraogo,farid-ouedraogo,G,Burkina Faso,4749,5.0,0.0,59,,,59,0,59,0.6,830,37,,2.0,76,False,547913,True,69103,,hard,13424954,1766943000,2025-12-28T17:30:00Z,1,Algeria,4691
583896,Abdoulaye Seck,abdoulaye-seck,D,Senegal,4739,5.0,0.0,151,0.0,0.0,151,0,150,0.5,634,117,,6.0,206,False,548022,substitute,68611,,easy,13424951,1766847600,2025-12-27T15:00:00Z,1,DR Congo,4823
1652719,Gaoussou Diakite,diakite-gaoussou,F,Mali,4831,5.0,0.0,100,0.0,0.0,100,0,98,0.5,717,88,2.0,5.0,141,False,547765,substitute,68911,,veryHard,13424945,1766779200,2025-12-26T20:00:00Z,1,Morocco,4778
1101624,Mahmoud Saber,mahmoud-saber,M,Egypt,4758,5.0,0.0,154,0.0,0.0,154,0,155,0.5,722,151,4.0,17.0,243,False,547857,substitute,68785,,medium,13424947,1766761200,2025-12-26T15:00:00Z,1,South Africa,4736
1035698,Mamadou Camara,mamadou-camara,M,Mali,4831,5.0,0.0,164,0.0,0.0,164,0,165,0.5,716,152,1.0,3.0,243,False,547774,substitute,68926,,veryHard,13424945,1766779200,2025-12-26T20:00:00Z,1,Morocco,4778
1391304,Mehdi Dorval,mehdi-dorval,M,Algeria,4691,5.0,0.0,230,,,230,0,230,0.5,705,154,2.0,12.0,243,False,547938,True,69190,,easy,13424954,1766943000,2025-12-28T17:30:00Z,1,Burkina Faso,4749
541464,Cyriel Dessers,cyriel-dessers,F,Nigeria,4785,5.0,0.0,116,0.0,0.0,116,0,114,0.4,500,90,2.0,5.0,141,False,547786,substitute,68772,,medium,13424949,1766865600,2025-12-27T20:00:00Z,1,Tunisia,4729
1525367,Ebenezer Akinsanmiro,ebenezer-akinsanmiro,M,Nigeria,4785,5.0,0.0,217,0.0,0.0,217,0,217,0.4,611,164,1.0,9.0,243,False,547796,substitute,68763,,medium,13424949,1766865600,2025-12-27T20:00:00Z,1,Tunisia,4729
1008597,Mohamed Belhadj Mahmoud,mohamed-haj-mahmoud,M,Tunisia,4729,5.0,0.0,224,0.0,0.0,224,0,224,0.4,616,162,2.0,4.0,243,False,547738,substitute,68677,,medium,13424949,1766865600,2025-12-27T20:00:00Z,1,Nigeria,4785
967127,Khaled Sobhi,khaled-sobhi,D,Egypt,4758,5.0,0.0,184,0.0,0.0,184,0,183,0.4,542,131,1.0,,206,False,547853,substitute,68783,,medium,13424947,1766761200,2025-12-26T15:00:00Z,1,South Africa,4736
919225,Mortadha Ben Ouanes,mortadha-ben-ouanes,M,Tunisia,4729,5.0,0.0,229,0.0,0.0,229,0,229,0.4,526,171,1.0,7.0,243,False,547740,substitute,68671,,medium,13424949,1766865600,2025-12-27T20:00:00Z,1,Nigeria,4785
1014789,Ahmed Eid,ahmed-eid,D,Egypt,4758,5.0,0.0,150,0.0,0.0,150,0,149,0.4,507,144,2.0,3.0,206,False,547856,substitute,68780,,medium,13424947,1766761200,2025-12-26T15:00:00Z,1,South Africa,4736
919149,Mohamed Ben Ali,mohamed-ben-ali,D,Tunisia,4729,5.0,0.0,189,0.0,0.0,189,0,188,0.4,545,129,,4.0,206,False,547744,substitute,68665,,medium,13424949,1766865600,2025-12-27T20:00:00Z,1,Nigeria,4785
1108094,Adamo Nagalo,adamo-nagalo,D,Burkina Faso,4749,5.0,0.0,113,,,113,0,112,0.4,518,142,,3.0,206,False,547904,True,69100,,hard,13424954,1766943000,2025-12-28T17:30:00Z,1,Algeria,4691
1099259,Ismahila Ouédraogo,ismahila-ouedraogo,M,Burkina Faso,4749,5.0,0.0,218,,,218,0,218,0.4,508,173,,1.0,243,False,547909,True,69117,,hard,13424954,1766943000,2025-12-28T17:30:00Z,1,Algeria,4691
798307,David Kiki,david-kiki,D,Benin,4744,5.0,0.0,118,0.0,0.0,118,0,117,0.3,346,173,,2.0,206,False,547955,substitute,68637,,easy,13424953,1766838600,2025-12-27T12:30:00Z,1,Botswana,4747
918920,Salah Mohsen,salah-mohsen,F,Egypt,4758,5.0,0.0,129,0.0,0.0,129,0,127,0.3,457,92,1.0,3.0,141,False,547859,substitute,68799,,medium,13424947,1766761200,2025-12-26T15:00:00Z,1,South Africa,4736
1518180,Samukelo Kabini,samukelo-kabini,D,South Africa,4736,5.0,0.0,125,0.0,0.0,125,0,124,0.3,452,149,,5.0,206,False,548210,substitute,68838,,medium,13424947,1766761200,2025-12-26T15:00:00Z,1,Egypt,4758
889815,Patrick Soko,patrick-soko,F,Cameroon,4751,5.0,0.0,86,,,86,0,85,0.3,421,96,1.0,4.0,141,False,547871,True,69088,,medium,13424956,1766952000,2025-12-28T20:00:00Z,1,Côte d'Ivoire,4768
858977,Christopher Operi,christopher-operi,D,Côte d'Ivoire,4768,5.0,0.0,188,,,188,0,187,0.3,430,153,1.0,2.0,206,False,547690,True,68998,,medium,13424956,1766952000,2025-12-28T20:00:00Z,1,Cameroon,4751
347028,Nader Ghandri,nader-ghandri,D,Tunisia,4729,5.0,0.0,169,,,169,0,168,0.3,435,152,,3.0,206,False,547743,True,68670,,medium,13424949,1766865600,2025-12-27T20:00:00Z,1,Nigeria,4785
1493501,Salim Fago Lawal,salim-fago-lawal,F,Nigeria,4785,5.0,0.0,127,,,127,0,125,0.3,360,104,1.0,3.0,141,False,547801,True,68773,,medium,13424949,1766865600,2025-12-27T20:00:00Z,1,Tunisia,4729
302640,Johann Obiang,johann-obiang,D,Gabon,4761,5.0,0.0,165,,,165,0,164,0.3,372,167,,1.0,206,False,548233,True,69050,,medium,13424957,1766925000,2025-12-28T12:30:00Z,1,Mozambique,4783
885260,Usman Mohammed,usman-mohammed,M,Nigeria,4785,5.0,0.0,227,,,227,0,227,0.3,432,179,1.0,4.0,243,False,547804,True,68764,,medium,13424949,1766865600,2025-12-27T20:00:00Z,1,Tunisia,4729
333311,Ary Papel,ary-papel,F,Angola,4692,5.0,0.0,128,0.0,0.0,128,0,126,0.2,305,110,,1.0,141,False,548039,substitute,68825,,easy,13424948,1766752200,2025-12-26T12:30:00Z,1,Zimbabwe,4719
1065210,Tawanda Maswanhise,tawanda-maswanhise,F,Zimbabwe,4719,5.0,0.0,136,0.0,0.0,136,0,134,0.2,237,122,,3.0,141,False,547811,substitute,68875,,hard,13424948,1766752200,2025-12-26T12:30:00Z,1,Angola,4692
933912,Mário Balbúrdia,mario-balburdia,M,Angola,4692,5.0,0.0,176,0.0,0.0,176,0,177,0.2,245,219,,2.0,243,False,548051,substitute,68820,,easy,13424948,1766752200,2025-12-26T12:30:00Z,1,Zimbabwe,4719
989361,Cédric Badolo,cedric-badolo,M,Burkina Faso,4749,5.0,0.0,177,,,177,0,178,0.2,285,203,,2.0,243,False,547911,True,69112,,hard,13424954,1766943000,2025-12-28T17:30:00Z,1,Algeria,4691
1095674,Loren Zúñiga,loren-zuniga,F,Equatorial Guinea,8032,5.0,0.0,114,,,114,0,112,0.2,258,115,,1.0,141,False,548137,True,69178,,medium,13424955,1766934000,2025-12-28T15:00:00Z,1,Sudan,4734
1103224,Ambina Fidèle Brice,ambina-fidele-brice,M,Cameroon,4751,5.0,0.0,232,,,232,0,232,0.2,334,195,,3.0,243,False,547884,True,69087,,medium,13424956,1766952000,2025-12-28T20:00:00Z,1,Côte d'Ivoire,4768
1464131,Manuel Keliano,keliano-manuel,M,Angola,4692,5.0,0.0,222,,,222,0,222,0.2,268,213,,1.0,243,False,548047,True,68803,,easy,13424948,1766752200,2025-12-26T12:30:00Z,1,Zimbabwe,4719
1440515,Teddy Averlant,teddy-averlant,M,Gabon,4761,5.0,0.0,147,,,147,0,148,0.2,267,214,1.0,1.0,243,False,548228,True,69064,,medium,13424957,1766925000,2025-12-28T12:30:00Z,1,Mozambique,4783
990622,Yasir Mozamil,yasir-mozamil,F,Sudan,4734,5.0,0.0,107,,,107,0,105,0.2,251,116,2.0,3.0,141,False,547658,True,69146,,medium,13424955,1766934000,2025-12-28T15:00:00Z,1,Equatorial Guinea,8032
1471113,Chamito Alfandega,chamito-alfandega,F,Mozambique,4783,5.0,0.0,135,,,135,0,133,0.1,145,138,,,141,False,548073,True,69039,,medium,13424957,1766925000,2025-12-28T12:30:00Z,1,Gabon,4761
1390671,João Bonde,joao-bonde,M,Mozambique,4783,5.0,0.0,190,,,190,0,191,0.1,174,239,,1.0,243,False,548076,True,69033,,medium,13424957,1766925000,2025-12-28T12:30:00Z,1,Gabon,4761
1085422,Baba Alhassan,alhassan-baba,M,Uganda,4726,5.0,-1.5,242,-3.0,-3.0,242,0,241,0.2,283,205,,2.0,243,False,548083,starter,68705,,easy,13424950,1766856600,2025-12-27T17:30:00Z,1,Tanzania,4835
1047364,Ismaël Boura,ismael-boura,D,Comoros,23494,4.9,4.5,52,10.0,10.0,36,-1,203,0.3,378,163,1.0,1.0,206,False,547702,starter,68900,,medium,13424946,1766770200,2025-12-26T17:30:00Z,1,Zambia,4720
333441,Yasser Ibrahim,yasser-ibrahim,D,Egypt,4758,4.5,8.5,16,9.0,9.0,6,8,19,3.1,4262,48,312.0,4.0,206,False,547844,starter,68797,,medium,13424947,1766761200,2025-12-26T15:00:00Z,1,South Africa,4736
1881637,Willard Mwanza,willard-mwanza,G,Zambia,4720,4.5,8.0,4,6.0,6.0,3,10,3,0.9,1266,24,24.0,12.0,76,False,548132,starter,68970,,medium,13424946,1766770200,2025-12-26T17:30:00Z,1,Comoros,23494
284179,Carlos Akapo,carlos-akapo-martinez,D,Equatorial Guinea,8032,4.5,7.0,23,,,52,7,28,0.9,1293,95,17.0,4.0,206,False,548145,True,69157,,medium,13424955,1766934000,2025-12-28T15:00:00Z,1,Sudan,4734
792308,José Machín,jose-machin,M,Equatorial Guinea,8032,4.5,7.0,17,,,37,7,16,0.6,856,141,19.0,4.0,243,False,548144,True,69169,,medium,13424955,1766934000,2025-12-28T15:00:00Z,1,Sudan,4734
1127768,Ernan,ernan,G,Mozambique,4783,4.5,7.0,8,,,14,7,7,0.5,684,46,2.0,1.0,76,False,548065,True,69016,,medium,13424957,1766925000,2025-12-28T12:30:00Z,1,Gabon,4761
895949,Prince Dube,prince-dube,F,Zimbabwe,4719,4.5,5.0,19,3.0,3.0,13,7,11,0.8,1126,68,87.0,8.0,141,False,547805,starter,68877,,hard,13424948,1766752200,2025-12-26T12:30:00Z,1,Angola,4692
875106,Benson Sakala,benson-sakala,M,Zambia,4720,4.5,5.0,27,5.0,5.0,19,5,28,0.6,826,143,68.0,6.0,243,False,548122,starter,68978,,medium,13424946,1766770200,2025-12-26T17:30:00Z,1,Comoros,23494
943633,Charles M'Mombwa,charles-mmombwa,M,Tanzania,4835,4.5,4.0,43,1.0,1.0,32,7,21,0.9,1169,132,28.0,17.0,243,False,548254,substitute,68730,,hard,13424950,1766856600,2025-12-27T17:30:00Z,1,Uganda,4726
990659,Jesús Owono,jesus-owono,G,Equatorial Guinea,8032,4.5,4.0,17,,,18,4,16,0.8,1151,29,1.0,1.0,76,False,548141,True,69152,,medium,13424955,1766934000,2025-12-28T15:00:00Z,1,Sudan,4734
581328,Edson Mexer,edson-mexer,D,Mozambique,4783,4.5,4.0,62,,,72,4,55,0.4,529,135,1.0,3.0,206,False,548056,True,69021,,medium,13424957,1766925000,2025-12-28T12:30:00Z,1,Gabon,4761
1097124,Aziz Kayondo,aziz-kayondo,D,Uganda,4726,4.5,4.0,60,5.0,5.0,48,3,61,0.4,613,121,6.0,2.0,206,False,548087,starter,68696,,easy,13424950,1766856600,2025-12-27T17:30:00Z,1,Tanzania,4835
118368,Knowledge Musona,knowledge-musona,M,Zimbabwe,4719,4.5,4.0,44,8.0,8.0,34,0,123,0.3,434,178,14.0,1.0,243,False,547808,starter,68872,,hard,13424948,1766752200,2025-12-26T12:30:00Z,1,Angola,4692
1120453,Kenan Toibibou,kenan-toibibou,D,Comoros,23494,4.5,4.0,57,7.0,7.0,45,1,81,0.2,238,200,2.0,1.0,206,False,547716,starter,68902,,medium,13424946,1766770200,2025-12-26T17:30:00Z,1,Zambia,4720
932971,Gape Mohutsiwa,gape-mohutsiwa,M,Botswana,4747,4.5,3.5,47,4.0,4.0,35,3,53,0.1,197,232,2.0,,243,False,547620,starter,68566,,hard,13424953,1766838600,2025-12-27T12:30:00Z,1,Benin,4744
1101745,Tshepang Moremi,tshepang-moremi,M,South Africa,4736,4.5,3.0,51,3.0,3.0,42,3,54,0.5,682,158,38.0,6.0,243,False,548203,starter,68847,,medium,13424947,1766761200,2025-12-26T15:00:00Z,1,Egypt,4758
990687,Thatayaone Ditlhokwe,thatayaone-ditlhokwe,D,Botswana,4747,4.5,3.0,67,3.0,3.0,62,3,62,0.4,520,141,3.0,1.0,206,False,547615,starter,68555,,hard,13424953,1766838600,2025-12-27T12:30:00Z,1,Benin,4744
990965,Mustafa Karshoum,mustafa-karshoum,D,Sudan,4734,4.5,3.0,68,,,77,3,63,0.3,397,159,1.0,3.0,206,False,547650,True,69129,,medium,13424955,1766934000,2025-12-28T15:00:00Z,1,Equatorial Guinea,8032
924403,Abo Eisa,abo-eisa,F,Sudan,4734,4.5,3.0,31,,,46,3,33,0.2,244,120,2.0,,141,False,547654,True,69145,,medium,13424955,1766934000,2025-12-28T15:00:00Z,1,Equatorial Guinea,8032
1160856,Esteban Orozco,esteban-obiang,D,Equatorial Guinea,8032,4.5,3.0,69,,,81,3,64,0.2,339,174,,4.0,206,False,548150,True,69155,,medium,13424955,1766934000,2025-12-28T15:00:00Z,1,Sudan,4734
943510,Manuel Kambala,manuel-kambala,M,Mozambique,4783,4.5,3.0,63,,,85,3,60,0.2,242,221,,1.0,243,False,548072,True,69031,,medium,13424957,1766925000,2025-12-28T12:30:00Z,1,Gabon,4761
369540,Sessi D'Almeida,sessi-dalmeida,M,Benin,4744,4.5,2.5,70,0.0,0.0,59,5,38,0.5,695,156,6.0,12.0,243,False,547945,starter,68646,,easy,13424953,1766838600,2025-12-27T12:30:00Z,1,Botswana,4747
1471539,Abdoul Rachid Moumini,abdoul-moumini,D,Benin,4744,4.5,2.5,72,0.0,0.0,67,5,48,0.5,693,113,3.0,8.0,206,False,547954,substitute,68638,,easy,13424953,1766838600,2025-12-27T12:30:00Z,1,Botswana,4747
891887,Tarryn Allarakhia,tarryn-allarakhia,M,Tanzania,4835,4.5,2.5,74,2.0,2.0,63,3,64,0.2,317,198,6.0,,243,False,548251,starter,68738,,hard,13424950,1766856600,2025-12-27T17:30:00Z,1,Uganda,4726
1881647,Owen Tembo,owen-tembo,M,Zambia,4720,4.5,2.5,67,3.0,3.0,52,2,70,0.2,282,206,,3.0,243,False,548129,starter,68963,,medium,13424946,1766770200,2025-12-26T17:30:00Z,1,Comoros,23494
1103854,Alphonce Msanga,alphonce-msanga,M,Tanzania,4835,4.5,2.5,73,4.0,4.0,62,1,92,0.2,230,222,1.0,,243,False,548259,starter,68724,,hard,13424950,1766856600,2025-12-27T17:30:00Z,1,Uganda,4726
990661,Tumisang Orebonye,tumisang-orebonye,F,Botswana,4747,4.5,2.0,38,0.0,0.0,36,4,29,0.3,421,97,5.0,6.0,141,False,547614,starter,68562,,hard,13424953,1766838600,2025-12-27T12:30:00Z,1,Benin,4744
866162,Khalid Aucho,khalid-aucho,M,Uganda,4726,4.5,2.0,82,0.0,0.0,73,4,49,0.3,393,186,,4.0,243,False,548081,substitute,68702,,easy,13424950,1766856600,2025-12-27T17:30:00Z,1,Tanzania,4835
1189773,Munashe Garananga,munashe-garananga,D,Zimbabwe,4719,4.5,2.0,79,,,87,2,71,0.2,316,185,,9.0,206,False,547810,True,68860,,hard,13424948,1766752200,2025-12-26T12:30:00Z,1,Angola,4692
1158921,Bill Antonio,bill-antonio,F,Zimbabwe,4719,4.5,2.0,37,4.0,4.0,35,0,68,0.2,234,123,3.0,,141,False,547813,starter,68873,,hard,13424948,1766752200,2025-12-26T12:30:00Z,1,Angola,4692
1192550,Miguel Changa Chaiwa,miguel-changa-chaiwa,M,Zambia,4720,4.5,1.5,87,0.0,0.0,84,3,67,0.4,608,123,3.0,7.0,206,False,548113,substitute,68979,,medium,13424946,1766770200,2025-12-26T17:30:00Z,1,Comoros,23494
579712,Benjaloud Youssouf,benjaloud-youssouf,D,Comoros,23494,4.5,1.5,86,0.0,0.0,82,3,66,0.3,408,156,,1.0,206,False,547711,substitute,68893,,medium,13424946,1766770200,2025-12-26T17:30:00Z,1,Zambia,4720
868248,Toby Sibbick,toby-sibbick,D,Uganda,4726,4.5,1.5,82,3.0,3.0,76,0,104,0.2,310,189,1.0,,206,False,548086,starter,68692,,easy,13424950,1766856600,2025-12-27T17:30:00Z,1,Tanzania,4835
1926607,Jude Ssemugabi,jude-ssemugabi,F,Uganda,4726,4.5,1.5,48,3.0,3.0,45,0,69,0.2,261,114,1.0,3.0,141,False,548089,starter,68712,,easy,13424950,1766856600,2025-12-27T17:30:00Z,1,Tanzania,4835
895139,Thabang Sesinyi,thabang-sesinyi,F,Botswana,4747,4.5,1.5,47,0.0,0.0,44,3,35,0.1,199,129,2.0,1.0,141,False,547617,substitute,68564,,hard,13424953,1766838600,2025-12-27T12:30:00Z,1,Benin,4744
866133,Denis Onyango,denis-onyango,G,Uganda,4726,4.5,1.0,25,2.0,2.0,25,0,26,0.8,1091,30,,4.0,76,False,548082,starter,68689,,easy,13424950,1766856600,2025-12-27T17:30:00Z,1,Tanzania,4835
880019,Mohamed Abdelrahman,mohamed-abdelrahman,F,Sudan,4734,4.5,1.0,59,,,61,1,52,0.7,911,77,4.0,8.0,141,False,547640,True,69150,,medium,13424955,1766934000,2025-12-28T15:00:00Z,1,Equatorial Guinea,8032
880510,Salim Jamal Magoola,salim-jamal-magoola,G,Uganda,4726,4.5,1.0,24,0.0,0.0,24,2,21,0.5,652,48,1.0,4.0,76,False,548094,substitute,68688,,easy,13424950,1766856600,2025-12-27T17:30:00Z,1,Tanzania,4835
1005725,Tawanda Chirewa,tawanda-chirewa,M,Zimbabwe,4719,4.5,1.0,112,2.0,2.0,109,0,134,0.4,611,163,,2.0,243,False,547807,substitute,68871,,hard,13424948,1766752200,2025-12-26T12:30:00Z,1,Angola,4692
944009,Kabelo Seakanyeng,kabelo-seakanyeng,M,Botswana,4747,4.5,1.0,115,1.0,1.0,115,1,104,0.3,364,189,,2.0,243,False,547616,starter,68567,,hard,13424953,1766838600,2025-12-27T12:30:00Z,1,Benin,4744
886961,Mohamed Eisa,mohamed-eisa,F,Sudan,4734,4.5,1.0,63,,,66,1,56,0.2,294,112,1.0,1.0,141,False,547642,True,69149,,medium,13424955,1766934000,2025-12-28T15:00:00Z,1,Equatorial Guinea,8032
990542,Dominguês Pelembe,elias-pelembe-domingues,M,Mozambique,4783,4.5,1.0,116,,,126,1,105,0.2,279,208,,2.0,243,False,548063,True,69030,,medium,13424957,1766925000,2025-12-28T12:30:00Z,1,Gabon,4761
911412,Clench Loufilou,clench-loufilou,M,Gabon,4761,4.5,1.0,118,,,128,1,107,0.2,221,227,,2.0,243,False,548238,True,69060,,medium,13424957,1766925000,2025-12-28T12:30:00Z,1,Mozambique,4783
1471686,Joseph Sabobo,sabobo,M,Zambia,4720,4.5,1.0,103,2.0,2.0,97,0,130,0.2,244,220,,1.0,243,False,548115,substitute,68965,,medium,13424946,1766770200,2025-12-26T17:30:00Z,1,Comoros,23494
1881596,David Simukonda,david-simukonda,M,Zambia,4720,4.5,1.0,110,2.0,2.0,106,0,133,0.1,146,240,,1.0,243,False,548133,starter,68964,,medium,13424946,1766770200,2025-12-26T17:30:00Z,1,Comoros,23494
1564998,Relebohile Mofokeng,relebohile-mofokeng,M,South Africa,4736,4.5,0.5,136,1.0,1.0,124,0,141,1.8,2408,71,7.0,21.0,243,False,548190,substitute,68852,,medium,13424947,1766761200,2025-12-26T15:00:00Z,1,Egypt,4758
989894,Woyo Coulibaly,woyo-coulibaly,D,Mali,4831,4.5,0.5,102,0.0,0.0,98,1,92,1.3,1809,79,11.0,12.0,206,False,547770,starter,68921,,veryHard,13424945,1766779200,2025-12-26T20:00:00Z,1,Morocco,4778
944125,Divine Lunga,divine-lunga,D,Zimbabwe,4719,4.5,0.5,104,1.0,1.0,100,0,107,0.5,666,116,2.0,4.0,206,False,547809,starter,68866,,hard,13424948,1766752200,2025-12-26T12:30:00Z,1,Angola,4692
333165,Jodel Dossou,jodel-dossou,F,Benin,4744,4.5,0.5,70,0.0,0.0,59,1,62,0.2,301,111,,2.0,141,False,547947,substitute,68653,,easy,13424953,1766838600,2025-12-27T12:30:00Z,1,Botswana,4747
1526896,Romaric Amoussou,romaric-amoussou,M,Benin,4744,4.5,0.5,139,0.0,0.0,130,1,119,0.2,216,229,,1.0,243,False,547961,substitute,68652,,easy,13424953,1766838600,2025-12-27T12:30:00Z,1,Botswana,4747
864666,Teenage Hadebe,teenage-hadebe,D,Zimbabwe,4719,4.5,0.5,100,0.0,0.0,95,1,91,0.2,311,187,1.0,2.0,206,False,547812,starter,68864,,hard,13424948,1766752200,2025-12-26T12:30:00Z,1,Angola,4692
1035696,Rémy Vita,remy-vita,D,Comoros,23494,4.5,0.5,106,1.0,1.0,102,0,108,0.2,260,194,,,206,False,547701,substitute,68892,,medium,13424946,1766770200,2025-12-26T17:30:00Z,1,Zambia,4720
862001,Abdel Hakim Abdallah,abdel-hakim-abdallah,D,Comoros,23494,4.5,0.5,109,1.0,1.0,107,0,110,0.2,254,197,,1.0,206,False,547710,starter,68901,,medium,13424946,1766770200,2025-12-26T17:30:00Z,1,Zambia,4720
2079101,Wilson Chisala,wilson-chisala,M,Zambia,4720,4.5,0.5,130,1.0,1.0,118,0,137,0.2,225,225,,,243,False,548131,substitute,68983,,medium,13424946,1766770200,2025-12-26T17:30:00Z,1,Comoros,23494
332547,Ali Maâloul,ali-maaloul,D,Tunisia,4729,4.5,0.0,178,0.0,0.0,178,0,177,3.7,5119,41,6.0,133.0,206,False,547721,substitute,68673,,medium,13424949,1766865600,2025-12-27T20:00:00Z,1,Nigeria,4785
826201,Alban Lafont,alban-lafont,G,Côte d'Ivoire,4768,4.5,0.0,34,,,34,0,34,2.1,2819,13,,16.0,76,False,547682,True,69002,,medium,13424956,1766952000,2025-12-28T20:00:00Z,1,Cameroon,4751
1048378,Mostafa Shobeir,mostafa-shobeir,G,Egypt,4758,4.5,0.0,35,0.0,0.0,35,0,35,1.6,2239,15,4.0,21.0,76,False,547842,substitute,68796,,medium,13424947,1766761200,2025-12-26T15:00:00Z,1,South Africa,4736
359670,Francis Uzoho,francis-uzoho,G,Nigeria,4785,4.5,0.0,56,0.0,0.0,56,0,56,1.3,1797,18,4.0,16.0,76,False,547798,substitute,68748,,medium,13424949,1766865600,2025-12-27T20:00:00Z,1,Tunisia,4729
919198,Firas Chaouat,firas-chaouat,F,Tunisia,4729,4.5,0.0,99,0.0,0.0,99,0,97,1.1,1519,56,8.0,12.0,141,False,547731,substitute,68684,,medium,13424949,1766865600,2025-12-27T20:00:00Z,1,Nigeria,4785
927616,Timothy Fayulu,timothy-fayulu,G,DR Congo,4823,4.5,0.0,50,0.0,0.0,50,0,50,1.0,1405,20,,1.0,76,False,548187,substitute,68579,,hard,13424951,1766847600,2025-12-27T15:00:00Z,1,Senegal,4739
845183,Yehvann Diouf,yehvann-diouf,G,Senegal,4739,4.5,0.0,45,0.0,0.0,45,0,45,1.0,1318,22,,5.0,76,False,548024,substitute,68604,,easy,13424951,1766847600,2025-12-27T15:00:00Z,1,DR Congo,4823
1397747,Ilay Camara,camara-ilay,M,Senegal,4739,4.5,0.0,239,,,239,0,239,1.0,1410,122,7.0,12.0,243,False,548018,True,68614,,easy,13424951,1766847600,2025-12-27T15:00:00Z,1,DR Congo,4823
992026,Rassoul Ndiaye,rassoul-ndiaye,M,Senegal,4739,4.5,0.0,221,,,221,0,221,1.0,1304,127,3.0,11.0,243,False,548025,True,68616,,easy,13424951,1766847600,2025-12-27T15:00:00Z,1,DR Congo,4823
841931,Ahmed El-Shenawy,el-shenawy-ahmed,G,Egypt,4758,4.5,0.0,61,0.0,0.0,61,0,61,0.9,1303,23,3.0,6.0,76,False,547858,substitute,68795,,medium,13424947,1766761200,2025-12-26T15:00:00Z,1,South Africa,4736
360868,Anthony Mandrea,anthony-mandrea,G,Algeria,4691,4.5,0.0,46,,,46,0,46,0.8,1158,28,1.0,10.0,76,False,547937,True,69182,,easy,13424954,1766943000,2025-12-28T17:30:00Z,1,Burkina Faso,4749
927493,Igoh Ogbu,igoh-ogbu,D,Nigeria,4785,4.5,0.0,114,0.0,0.0,114,0,113,0.7,995,102,3.0,11.0,206,False,547799,substitute,68755,,medium,13424949,1766865600,2025-12-27T20:00:00Z,1,Tunisia,4729
902117,Nkosinathi Sibisi,nkosinathi-sibisi,D,South Africa,4736,4.5,0.0,193,0.0,0.0,193,0,192,0.7,952,103,3.0,11.0,206,False,548206,substitute,68834,,medium,13424947,1766761200,2025-12-26T15:00:00Z,1,Egypt,4758
1018822,Zineddine Belaid,zineddine-belaid,D,Algeria,4691,4.5,0.0,172,,,172,0,171,0.7,1026,101,8.0,21.0,206,False,547939,True,69187,,easy,13424954,1766943000,2025-12-28T17:30:00Z,1,Burkina Faso,4749
141967,Munir El Kajoui,munir-mohamedi,G,Morocco,4778,4.5,0.0,27,0.0,0.0,27,0,27,0.6,830,38,,4.0,76,False,547993,substitute,68936,,veryEasy,13424945,1766779200,2025-12-26T20:00:00Z,1,Mali,4831
1191892,Tochukwu Nnadi,tochukwu-nadi,M,Nigeria,4785,4.5,0.0,199,0.0,0.0,199,0,200,0.6,851,142,3.0,8.0,243,False,547802,substitute,68761,,medium,13424949,1766865600,2025-12-27T20:00:00Z,1,Tunisia,4729
1155596,Mamadou Lamine Camara,camara-mamadou-lamine,M,Senegal,4739,4.5,0.0,149,,,149,0,150,0.6,889,139,7.0,4.0,243,False,548021,True,68617,,easy,13424951,1766847600,2025-12-27T15:00:00Z,1,DR Congo,4823
2073087,Yakoub Suleiman,yakoub-suleiman,G,Tanzania,4835,4.5,0.0,40,,,40,0,40,0.6,868,35,1.0,4.0,76,False,548249,True,68718,,hard,13424950,1766856600,2025-12-27T17:30:00Z,1,Uganda,4726
259063,Iban Salvador,salvador,F,Equatorial Guinea,8032,4.5,0.0,131,,,131,0,129,0.6,805,81,1.0,3.0,141,False,548143,True,69172,,medium,13424955,1766934000,2025-12-28T15:00:00Z,1,Sudan,4734
903610,Sipho Chaine,sipho-chaine,G,South Africa,4736,4.5,0.0,28,0.0,0.0,28,0,28,0.5,747,41,,6.0,76,False,548205,substitute,68831,,medium,13424947,1766761200,2025-12-26T15:00:00Z,1,Egypt,4758
943694,Elvis Chipezeze,elvis-chipezeze,G,Zimbabwe,4719,4.5,0.0,53,0.0,0.0,53,0,53,0.5,729,44,,3.0,76,False,547818,substitute,68855,,hard,13424948,1766752200,2025-12-26T12:30:00Z,1,Angola,4692
932983,Keagile Kgosipula,keagile-kgosipula,G,Botswana,4747,4.5,0.0,41,0.0,0.0,41,0,41,0.5,731,43,,4.0,76,False,547629,substitute,68569,,hard,13424953,1766838600,2025-12-27T12:30:00Z,1,Benin,4744
1149858,Kilian Nikièma,kilian-nikiema,G,Burkina Faso,4749,4.5,0.0,39,,,39,0,39,0.5,647,49,,2.0,76,False,547908,True,69102,,hard,13424954,1766943000,2025-12-28T17:30:00Z,1,Algeria,4691
1012578,Mohamed Ismail,mohamed-ismail,D,Egypt,4758,4.5,0.0,142,,,142,0,141,0.5,716,110,,4.0,206,False,547855,True,68798,,medium,13424947,1766761200,2025-12-26T15:00:00Z,1,South Africa,4736
1000384,Ali Abdallah Abu-Eshrein,ali-abdallah-abu-eshrein,G,Sudan,4734,4.5,0.0,42,,,42,0,42,0.5,735,42,,4.0,76,False,547662,True,69126,,medium,13424955,1766934000,2025-12-28T15:00:00Z,1,Equatorial Guinea,8032
919484,Youssef Belammari,youssef-belammari,D,Morocco,4778,4.5,0.0,115,0.0,0.0,115,0,114,0.4,585,124,3.0,9.0,206,False,547996,substitute,68991,,veryEasy,13424945,1766779200,2025-12-26T20:00:00Z,1,Mali,4831
1019957,Steve Kapuadi,kapuadi-steve,D,DR Congo,4823,4.5,0.0,164,0.0,0.0,164,0,163,0.4,609,122,2.0,5.0,206,False,548189,substitute,68587,,hard,13424951,1766847600,2025-12-27T15:00:00Z,1,Senegal,4739
1102988,Pedro Bondo,pedro-bondo,D,Angola,4692,4.5,0.0,186,0.0,0.0,186,0,185,0.4,539,132,3.0,5.0,206,False,548044,substitute,68813,,easy,13424948,1766752200,2025-12-26T12:30:00Z,1,Zimbabwe,4719
1910804,Khulumani Ndamane,khulumani-ndamane,D,South Africa,4736,4.5,0.0,127,0.0,0.0,127,0,126,0.4,515,143,,8.0,206,False,548212,substitute,68836,,medium,13424947,1766761200,2025-12-26T15:00:00Z,1,Egypt,4758
134242,Antonio Signori Dominique,antonio-signori,G,Angola,4692,4.5,0.0,33,0.0,0.0,33,0,33,0.4,572,51,,3.0,76,False,548050,substitute,68808,,easy,13424948,1766752200,2025-12-26T12:30:00Z,1,Zimbabwe,4719
877228,Eddie Afonso,eddie-afonso,D,Angola,4692,4.5,0.0,199,0.0,0.0,199,0,198,0.4,506,145,,1.0,206,False,548052,substitute,68810,,easy,13424948,1766752200,2025-12-26T12:30:00Z,1,Zimbabwe,4719
786325,Aitor Embela Gil,aitor-embela-gil,G,Equatorial Guinea,8032,4.5,0.0,70,,,70,0,70,0.4,539,54,,3.0,76,False,548161,True,69154,,medium,13424955,1766934000,2025-12-28T15:00:00Z,1,Sudan,4734
2140233,Wilson Nangu,w-nangu,D,Tanzania,4835,4.5,0.0,124,0.0,0.0,124,0,123,0.3,377,164,1.0,2.0,206,False,548248,substitute,68725,,hard,13424950,1766856600,2025-12-27T17:30:00Z,1,Uganda,4726
385388,Núrio Fortuna,nurio-fortuna,D,Angola,4692,4.5,0.0,197,0.0,0.0,197,0,196,0.3,414,154,,7.0,206,False,548048,substitute,68812,,easy,13424948,1766752200,2025-12-26T12:30:00Z,1,Zimbabwe,4719
1563456,Abdoul Rachid Ayinde,abdoul-rachid-ayinde,D,Burkina Faso,4749,4.5,0.0,196,,,196,0,195,0.3,390,160,,3.0,206,False,547910,True,69110,,hard,13424954,1766943000,2025-12-28T17:30:00Z,1,Algeria,4691
1141093,Morice Abraham,morice-abraham,M,Tanzania,4835,4.5,0.0,169,,,169,0,170,0.3,400,185,,4.0,243,False,548250,True,68731,,hard,13424950,1766856600,2025-12-27T17:30:00Z,1,Uganda,4726
1091971,Armel Junior Zohouri,zohouri-armel-junior,D,Côte d'Ivoire,4768,4.5,0.0,131,,,131,0,130,0.3,479,148,1.0,3.0,206,False,547694,True,69008,,medium,13424956,1766952000,2025-12-28T20:00:00Z,1,Cameroon,4751
1397934,Urie-Michel Mboula,urie-michel-mboula,D,Gabon,4761,4.5,0.0,200,,,200,0,199,0.3,380,162,,1.0,206,False,548231,True,69056,,medium,13424957,1766925000,2025-12-28T12:30:00Z,1,Mozambique,4783
990975,Feliciano Jone Nenê,feliciano-jone-nene,D,Mozambique,4783,4.5,0.0,139,,,139,0,138,0.3,353,172,2.0,1.0,206,False,548066,True,69026,,medium,13424957,1766925000,2025-12-28T12:30:00Z,1,Gabon,4761
990688,Josete Miranda,josete-miranda,F,Equatorial Guinea,8032,4.5,0.0,106,,,106,0,104,0.3,345,107,1.0,3.0,141,False,548148,True,69173,,medium,13424955,1766934000,2025-12-28T15:00:00Z,1,Sudan,4734
1471543,Rodolfo Aloko,rodolfo-aloko,M,Benin,4744,4.5,0.0,208,-1.0,-1.0,208,1,121,0.2,312,200,,1.0,243,False,547951,substitute,68651,,easy,13424953,1766838600,2025-12-27T12:30:00Z,1,Botswana,4747
972819,Rodrigue Kossi,rodrigue-kossi,M,Benin,4744,4.5,0.0,155,0.0,0.0,155,0,156,0.2,282,207,,,243,False,547962,substitute,68649,,easy,13424953,1766838600,2025-12-27T12:30:00Z,1,Botswana,4747
2043412,Adam Akimey,adam-akimey,M,Benin,4744,4.5,0.0,173,0.0,0.0,173,0,174,0.2,214,230,,,243,False,547965,substitute,68650,,easy,13424953,1766838600,2025-12-27T12:30:00Z,1,Botswana,4747
1183667,Obino Chisala,obino-chisala,M,Zambia,4720,4.5,0.0,188,0.0,0.0,188,0,189,0.2,228,224,,2.0,243,False,548124,substitute,68976,,medium,13424946,1766770200,2025-12-26T17:30:00Z,1,Comoros,23494
1807613,Aboubacar Ali Abdallah,aboubacar-ali-abdallah,F,Comoros,23494,4.5,0.0,123,0.0,0.0,123,0,121,0.2,229,125,,1.0,141,False,547706,substitute,68886,,medium,13424946,1766770200,2025-12-26T17:30:00Z,1,Zambia,4720
1218079,Zaïd Amir,zaid-amir,F,Comoros,23494,4.5,0.0,87,0.0,0.0,87,0,86,0.2,230,124,1.0,2.0,141,False,547713,substitute,68885,,medium,13424946,1766770200,2025-12-26T17:30:00Z,1,Zambia,4720
1128559,Aymeric Ahmed,aymeric-ahmed,M,Comoros,23494,4.5,0.0,235,0.0,0.0,235,0,235,0.2,290,202,,3.0,243,False,547717,substitute,68883,,medium,13424946,1766770200,2025-12-26T17:30:00Z,1,Zambia,4720
1219096,Tebogo Kopelang,tebogo-kopelang,D,Botswana,4747,4.5,0.0,145,0.0,0.0,145,0,144,0.2,329,180,,1.0,206,False,547627,substitute,68558,,hard,13424953,1766838600,2025-12-27T12:30:00Z,1,Benin,4744
1167501,Kelvin Nashon,kelvin-nashon,M,Tanzania,4835,4.5,0.0,186,0.0,0.0,186,0,187,0.2,218,228,,2.0,243,False,548268,substitute,68736,,hard,13424950,1766856600,2025-12-27T17:30:00Z,1,Uganda,4726
2171632,Razack Rachidou,razack-rachidou,M,Benin,4744,4.5,0.0,148,,,148,0,149,0.2,246,218,,3.0,243,False,547956,True,68656,,easy,13424953,1766838600,2025-12-27T12:30:00Z,1,Botswana,4747
786269,Witi,witi,M,Mozambique,4783,4.5,0.0,163,,,163,0,164,0.2,272,210,,,243,False,548060,True,69040,,medium,13424957,1766925000,2025-12-28T12:30:00Z,1,Gabon,4761
1831353,Mariano Ahouangbo,mariano-ahouangbo,M,Benin,4744,4.5,0.0,204,,,204,0,205,0.2,207,231,,3.0,243,False,547963,True,68644,,easy,13424953,1766838600,2025-12-27T12:30:00Z,1,Botswana,4747
1167698,Alex Balboa,alex-balboa,M,Equatorial Guinea,8032,4.5,0.0,162,,,162,0,163,0.2,274,209,1.0,2.0,243,False,548152,True,69168,,medium,13424955,1766934000,2025-12-28T15:00:00Z,1,Sudan,4734
1014120,Alex Masogo,alex-masogo,M,Equatorial Guinea,8032,4.5,0.0,159,,,159,0,160,0.2,269,211,1.0,2.0,243,False,548160,True,69167,,medium,13424955,1766934000,2025-12-28T15:00:00Z,1,Sudan,4734
876474,Jack Lahne,jack-lahne,F,Zambia,4720,4.5,0.0,133,0.0,0.0,133,0,131,0.1,183,134,,2.0,141,False,548119,substitute,68967,,medium,13424946,1766770200,2025-12-26T17:30:00Z,1,Comoros,23494
881952,Matteo Ahlinvi,matteo-ahlinvi,F,Benin,4744,4.5,0.0,110,0.0,0.0,110,0,108,0.1,198,131,,,141,False,547960,substitute,68643,,easy,13424953,1766838600,2025-12-27T12:30:00Z,1,Botswana,4747
1910527,Joseph Liteta,joseph-liteta,M,Zambia,4720,4.5,0.0,172,0.0,0.0,172,0,173,0.1,193,233,1.0,1.0,243,False,548118,substitute,68980,,medium,13424946,1766770200,2025-12-26T17:30:00Z,1,Comoros,23494
1471542,Olatoundji Tessilimi,olatoundji-tessilimi,F,Benin,4744,4.5,0.0,105,0.0,0.0,105,0,103,0.1,158,136,,2.0,141,False,547968,substitute,68657,,easy,13424953,1766838600,2025-12-27T12:30:00Z,1,Botswana,4747
1536806,Gislain Ahoudo,gislain-ahoudo,M,Benin,4744,4.5,0.0,151,0.0,0.0,151,0,152,0.1,191,234,,,243,False,547967,substitute,68645,,easy,13424953,1766838600,2025-12-27T12:30:00Z,1,Botswana,4747
152807,Melvyn Lorenzen,melvyn-lorenzen,F,Uganda,4726,4.5,0.0,77,0.0,0.0,77,0,76,0.1,197,132,,2.0,141,False,548098,substitute,68707,,easy,13424950,1766856600,2025-12-27T17:30:00Z,1,Tanzania,4835
2361688,Given Kalusa,given-kalusa,M,Zambia,4720,4.5,0.0,161,0.0,0.0,161,0,162,0.1,183,237,,2.0,243,False,548135,substitute,68982,,medium,13424946,1766770200,2025-12-26T17:30:00Z,1,Comoros,23494
1861908,Khalid Habibu,khalid-habibu,M,Tanzania,4835,4.5,0.0,200,0.0,0.0,200,0,201,0.1,188,235,,1.0,243,False,548265,substitute,68737,,hard,13424950,1766856600,2025-12-27T17:30:00Z,1,Uganda,4726
2137901,Eliya Mandanji,eliya-mandanji,F,Zambia,4720,4.5,0.0,125,0.0,0.0,125,0,123,0.1,166,135,,1.0,141,False,548134,substitute,68989,,medium,13424946,1766770200,2025-12-26T17:30:00Z,1,Comoros,23494
592712,Faisal Abdul Bangal,faisal-abdul-bangal,F,Mozambique,4783,4.5,0.0,80,,,80,0,79,0.1,144,139,1.0,,141,False,548064,True,69035,,medium,13424957,1766925000,2025-12-28T12:30:00Z,1,Gabon,4761
1503653,Edlin Essang-Matouti,edlin-randy-essang-matouti,F,Gabon,4761,4.5,0.0,85,,,85,0,84,0.1,184,133,,,141,False,548237,True,69066,,medium,13424957,1766925000,2025-12-28T12:30:00Z,1,Mozambique,4783
867523,Gildo,gildo,F,Mozambique,4783,4.5,0.0,76,,,76,0,75,0.1,157,137,,2.0,141,False,548068,True,69036,,medium,13424957,1766925000,2025-12-28T12:30:00Z,1,Gabon,4761
1632529,José Nabil,jose-nabil,F,Equatorial Guinea,8032,4.5,0.0,73,,,73,0,72,0.1,137,140,,,141,False,548151,True,69175,,medium,13424955,1766934000,2025-12-28T15:00:00Z,1,Sudan,4734
1160221,Gael Akogo Esono,gael-akogo-esono,M,Equatorial Guinea,8032,4.5,0.0,167,,,167,0,168,0.1,178,238,,,243,False,548155,True,69174,,medium,13424955,1766934000,2025-12-28T15:00:00Z,1,Sudan,4734
1103334,Keyns Abdala,abdala-keyns,M,Mozambique,4783,4.5,0.0,180,,,180,0,181,0.1,187,236,,2.0,243,False,548074,True,69032,,medium,13424957,1766925000,2025-12-28T12:30:00Z,1,Gabon,4761
2421247,Rachid Moumini,moumini-rachid,D,Benin,4744,4.5,0.0,181,,,181,0,180,0.0,1,205,,,206,False,558319,True,69846,,easy,13424953,1766838600,2025-12-27T12:30:00Z,1,Botswana,4747
2421251,Attidjikou Samadou,samadou-attidjikou,M,Benin,4744,4.5,0.0,178,,,178,0,179,0.0,0,243,,,243,False,558321,True,69847,,easy,13424953,1766838600,2025-12-27T12:30:00Z,1,Botswana,4747
2421716,Mohamed Ahmed,mohamed-ahmed,D,Sudan,4734,4.5,0.0,182,,,182,0,181,0.0,2,204,,1.0,206,False,558323,True,69848,,medium,13424955,1766934000,2025-12-28T15:00:00Z,1,Equatorial Guinea,8032
2421727,Awad Zayed Bakheit Gadin,zayed-bakheit-gadin-awad,D,Sudan,4734,4.5,0.0,183,,,183,0,182,0.0,0,206,,,206,False,558329,True,69851,,medium,13424955,1766934000,2025-12-28T15:00:00Z,1,Equatorial Guinea,8032
2421725,Al Gozoli Hussien,al-gozoli-hussien,M,Sudan,4734,4.5,0.0,179,,,179,0,180,0.0,1,242,,1.0,243,False,558325,True,69849,,medium,13424955,1766934000,2025-12-28T15:00:00Z,1,Equatorial Guinea,8032
2421726,Mohamed Abdulrahman,abdulrahman-mohamed,F,Sudan,4734,4.5,0.0,126,,,126,0,124,0.0,0,141,,,141,False,558327,True,69850,,medium,13424955,1766934000,2025-12-28T15:00:00Z,1,Equatorial Guinea,8032
1140390,Mohamed Saeed Ahmed,mohamed-ering,D,Sudan,4734,4.5,-1.0,204,,,204,-1,204,0.4,527,137,1.0,8.0,206,False,547643,True,69128,,medium,13424955,1766934000,2025-12-28T15:00:00Z,1,Equatorial Guinea,8032
922372,Basilio Ndong,basilio-ndong,D,Equatorial Guinea,8032,4.4,-3.0,206,,,206,-3,206,0.3,388,161,,,206,False,548147,True,69159,,medium,13424955,1766934000,2025-12-28T15:00:00Z,1,Sudan,4734
982610,Amadou Dante,amadou-dante,D,Mali,4831,4.1,2.0,75,0.0,0.0,71,4,57,6.8,9330,21,33.0,53.0,206,False,547767,substitute,68930,,veryHard,13424945,1766779200,2025-12-26T20:00:00Z,1,Morocco,4778
1008358,Stanley Nwabali,stanley-nwabali,G,Nigeria,4785,4.1,1.5,23,-1.0,-1.0,22,4,18,10.5,14366,6,40.0,29.0,76,False,547787,starter,68746,,medium,13424949,1766865600,2025-12-27T20:00:00Z,1,Tunisia,4729
978474,Mohamed Tijani,mohamed-tijani,D,Benin,4744,4.0,9.0,10,9.0,9.0,35,0,96,1.0,1409,92,12.0,3.0,206,False,547953,starter,68641,,easy,13424953,1766838600,2025-12-27T12:30:00Z,1,Botswana,4747
1471571,Mathews Banda,mathews-banda,D,Zambia,4720,4.0,8.0,17,9.0,9.0,7,7,27,1.1,1480,90,121.0,9.0,206,False,548126,starter,68973,,medium,13424946,1766770200,2025-12-26T17:30:00Z,1,Comoros,23494
1015009,Goitseone Phoko,goitseone-phoko,G,Botswana,4747,4.0,7.5,7,3.0,3.0,4,12,1,2.2,2954,11,90.0,15.0,76,False,547628,starter,68554,,hard,13424953,1766838600,2025-12-27T12:30:00Z,1,Benin,4744
949472,Marvin Anieboh,marvin-anieboh,D,Equatorial Guinea,8032,4.0,7.0,24,,,55,7,29,0.5,677,115,7.0,1.0,206,False,548158,True,69156,,medium,13424955,1766934000,2025-12-28T15:00:00Z,1,Sudan,4734
862748,Washington Arubi,washington-arubi,G,Zimbabwe,4719,4.0,6.5,9,6.0,6.0,5,7,8,0.6,774,39,35.0,3.0,76,False,547819,starter,68854,,hard,13424948,1766752200,2025-12-26T12:30:00Z,1,Angola,4692
1083196,Dominic Chanda,dominic-chanda,D,Zambia,4720,4.0,6.5,27,9.0,9.0,12,4,52,0.2,336,175,23.0,,206,False,548125,starter,68974,,medium,13424946,1766770200,2025-12-26T17:30:00Z,1,Comoros,23494
1831357,Emmanuel Jalai,emmanuel-jalai,D,Zimbabwe,4719,4.0,6.0,34,3.0,3.0,19,9,18,1.2,1691,83,60.0,17.0,206,False,547823,starter,68858,,hard,13424948,1766752200,2025-12-26T12:30:00Z,1,Angola,4692
370710,Guima,ricardo-guimaraes-guima,M,Mozambique,4783,4.0,6.0,22,,,44,6,23,1.2,1686,100,42.0,5.0,243,False,548058,True,69028,,medium,13424957,1766925000,2025-12-28T12:30:00Z,1,Gabon,4761
1000484,Marcel Dandjinou,marcel-dandjinou,G,Benin,4744,4.0,6.0,10,6.0,6.0,16,0,25,0.5,621,50,2.0,2.0,76,False,547958,starter,68632,,easy,13424953,1766838600,2025-12-27T12:30:00Z,1,Botswana,4747
1567916,Denis Omedi,denis-omedi,F,Uganda,4726,4.0,5.5,15,5.0,5.0,9,6,16,0.6,769,85,68.0,10.0,141,False,548093,substitute,68709,,easy,13424950,1766856600,2025-12-27T17:30:00Z,1,Tanzania,4835
1397744,Tamimou Ouorou,tamimou-ouorou,D,Benin,4744,4.0,5.0,47,6.0,6.0,28,4,53,0.8,1065,100,26.0,1.0,206,False,547957,starter,68639,,easy,13424953,1766838600,2025-12-27T12:30:00Z,1,Botswana,4747
921422,Gerald Takwara,takwara-gerald,D,Zimbabwe,4719,4.0,5.0,44,3.0,3.0,25,7,33,0.4,559,128,12.0,2.0,206,False,547821,starter,68861,,hard,13424948,1766752200,2025-12-26T12:30:00Z,1,Angola,4692
863904,Ahmed Soilihi,ahmed-soilihi,D,Comoros,23494,4.0,5.0,45,9.0,9.0,26,1,80,0.2,333,177,9.0,,206,False,547715,starter,68904,,medium,13424946,1766770200,2025-12-26T17:30:00Z,1,Zambia,4720
556904,Marvelous Nakamba,marvelous-nakamba,M,Zimbabwe,4719,4.0,4.5,36,4.0,4.0,22,5,35,3.7,5022,30,158.0,20.0,243,False,547806,starter,68867,,hard,13424948,1766752200,2025-12-26T12:30:00Z,1,Angola,4692
1006431,Bakari Mwamnyeto,bakari-nondo,D,Tanzania,4835,4.0,4.5,53,1.0,1.0,38,8,25,1.1,1533,88,22.0,10.0,206,False,548256,starter,68745,,hard,13424950,1766856600,2025-12-27T17:30:00Z,1,Uganda,4726
1017196,Abdelrazig Omer,abdelrazig-omer,M,Sudan,4734,4.0,4.0,45,,,75,4,43,1.6,2184,82,7.0,6.0,243,False,547641,True,69143,,medium,13424955,1766934000,2025-12-28T15:00:00Z,1,Equatorial Guinea,8032
1103606,Zuberi Foba Masudi,zuberi-foba-masudi,G,Tanzania,4835,4.0,4.0,14,2.0,2.0,10,6,13,0.3,405,65,5.0,,76,False,548264,starter,68719,,hard,13424950,1766856600,2025-12-27T17:30:00Z,1,Uganda,4726
932978,Mosha Gaolaolwe,mosha-gaolaolwe,D,Botswana,4747,4.0,4.0,58,4.0,4.0,46,4,54,0.3,401,158,,3.0,206,False,547623,starter,68556,,hard,13424953,1766838600,2025-12-27T12:30:00Z,1,Benin,4744
59783,Hugo Marques,hugo-marques,G,Angola,4692,4.0,3.5,18,6.0,6.0,15,1,23,0.3,348,70,11.0,1.0,76,False,551378,starter,69719,,easy,13424948,1766752200,2025-12-26T12:30:00Z,1,Zimbabwe,4719
1172369,Travis Mutyaba,mutyaba-travis,M,Uganda,4726,4.0,3.0,54,4.0,4.0,46,2,69,1.1,1527,110,10.0,7.0,243,False,548080,starter,68708,,easy,13424950,1766856600,2025-12-27T17:30:00Z,1,Tanzania,4835
1103343,Kenneth Semakula,kenneth-semakula,D,Uganda,4726,4.0,3.0,56,3.0,3.0,48,3,55,0.6,785,146,8.0,2.0,243,False,548085,starter,68701,,easy,13424950,1766856600,2025-12-27T17:30:00Z,1,Tanzania,4835
1012602,Ammar Taifour,ammar-taifour,M,Sudan,4734,4.0,3.0,66,,,88,3,63,0.4,559,168,5.0,,243,False,547652,True,69139,,medium,13424955,1766934000,2025-12-28T15:00:00Z,1,Equatorial Guinea,8032
1090189,Monged Elneel,monged-elneel,G,Sudan,4734,4.0,3.0,19,,,21,3,19,0.3,424,63,2.0,,76,False,547656,True,69127,,medium,13424955,1766934000,2025-12-28T15:00:00Z,1,Equatorial Guinea,8032
1097159,Byaruhanga Bobosi,byaruhanga-bobosi,M,Uganda,4726,4.0,3.0,53,6.0,6.0,45,0,125,0.3,345,191,4.0,4.0,243,False,548096,starter,68704,,easy,13424950,1766856600,2025-12-27T17:30:00Z,1,Tanzania,4835
880502,Mohamed Abuaagla,mohamed-abuaagla,M,Sudan,4734,4.0,3.0,64,,,86,3,61,0.2,317,197,2.0,4.0,243,False,547655,True,69140,,medium,13424955,1766934000,2025-12-28T15:00:00Z,1,Equatorial Guinea,8032
1014528,Jonah Fabisch,jonah-fabisch,M,Zimbabwe,4719,4.0,2.5,71,1.0,1.0,60,4,48,0.5,745,148,13.0,2.0,243,False,547815,starter,68868,,hard,13424948,1766752200,2025-12-26T12:30:00Z,1,Angola,4692
990960,Mothusi Johnson,mothusi-johnson,D,Botswana,4747,4.0,2.5,71,3.0,3.0,65,2,68,0.2,329,179,,1.0,206,False,547625,starter,68553,,hard,13424953,1766838600,2025-12-27T12:30:00Z,1,Benin,4744
368128,Uche Ikpeazu,uche-ikpeazu,F,Uganda,4726,4.0,2.5,36,5.0,5.0,34,0,67,0.2,243,121,,,141,False,548091,substitute,68713,,easy,13424950,1766856600,2025-12-27T17:30:00Z,1,Tanzania,4835
785438,Saturnin Allagbe,saturnin-allagbe,G,Benin,4744,4.0,2.0,20,0.0,0.0,19,4,17,0.9,1176,27,8.0,8.0,76,False,547946,substitute,68633,,easy,13424953,1766838600,2025-12-27T12:30:00Z,1,Botswana,4747
1169803,Awad Zayed,awad-zayed,D,Sudan,4734,4.0,2.0,77,,,85,2,69,0.4,565,126,2.0,2.0,206,False,547665,True,69137,,medium,13424955,1766934000,2025-12-28T15:00:00Z,1,Equatorial Guinea,8032
1612209,Daniel Msendami,daniel-msendami,M,Zimbabwe,4719,4.0,2.0,83,0.0,0.0,74,4,50,0.3,425,181,6.0,2.0,243,False,547822,substitute,68876,,hard,13424948,1766752200,2025-12-26T12:30:00Z,1,Angola,4692
1612221,Yaser Awad Boshara,yaser-awad-boshara,D,Sudan,4734,4.0,2.0,90,,,110,2,79,0.3,417,182,,2.0,243,False,547646,True,69136,,medium,13424955,1766934000,2025-12-28T15:00:00Z,1,Equatorial Guinea,8032
2108904,James Bogere,james-bogere,F,Uganda,4726,4.0,2.0,39,3.0,3.0,37,1,43,0.3,346,106,6.0,,141,False,548090,substitute,68715,,easy,13424950,1766856600,2025-12-27T17:30:00Z,1,Tanzania,4835
1191258,Nathan Gassama,gassama-nathan,D,Mali,4831,4.0,1.5,81,3.0,3.0,75,0,103,0.6,769,108,19.0,,206,False,547776,starter,68922,,veryHard,13424945,1766779200,2025-12-26T20:00:00Z,1,Morocco,4778
1536343,Yannis Kari,yannis-kari,D,Comoros,23494,4.0,1.5,85,1.0,1.0,80,2,73,0.5,716,111,1.0,7.0,206,False,547720,substitute,68884,,medium,13424946,1766770200,2025-12-26T17:30:00Z,1,Zambia,4720
990958,Mothusi Cooper,mothusi-cooper,M,Botswana,4747,4.0,1.5,98,2.0,2.0,92,1,99,0.5,701,155,2.0,3.0,243,False,547618,substitute,68571,,hard,13424953,1766838600,2025-12-27T12:30:00Z,1,Benin,4744
990480,Alford Velaphi,alford-velaphi,D,Botswana,4747,4.0,1.5,83,1.0,1.0,78,2,72,0.4,525,140,2.0,1.0,206,False,547630,starter,68557,,hard,13424953,1766838600,2025-12-27T12:30:00Z,1,Benin,4744
360390,Macauley Bonne,macauley-bonne,F,Zimbabwe,4719,4.0,1.5,46,2.0,2.0,43,1,46,0.3,408,99,5.0,2.0,141,False,547820,starter,68879,,hard,13424948,1766752200,2025-12-26T12:30:00Z,1,Angola,4692
198030,Brendan Galloway,brendan-galloway,D,Zimbabwe,4719,4.0,1.5,84,3.0,3.0,79,0,105,0.2,335,176,1.0,,206,False,547817,substitute,68863,,hard,13424948,1766752200,2025-12-26T12:30:00Z,1,Angola,4692
1124751,Steven Mukwala,steven-mukwala,F,Uganda,4726,4.0,1.0,53,0.0,0.0,53,2,41,2.6,3636,27,20.0,24.0,141,False,548078,substitute,68714,,easy,13424950,1766856600,2025-12-27T17:30:00Z,1,Tanzania,4835
2363540,Losika Ratshukudu,losika-ratshukudu,M,Botswana,4747,4.0,1.0,101,2.0,2.0,95,0,129,2.5,3417,57,,17.0,243,False,547639,starter,68574,,hard,13424953,1766838600,2025-12-27T12:30:00Z,1,Benin,4744
985958,Shomari Kapombe,shomari-kapombe,D,Tanzania,4835,4.0,1.0,88,0.0,0.0,88,2,74,2.1,2944,66,14.0,18.0,206,False,548253,substitute,68720,,hard,13424950,1766856600,2025-12-27T17:30:00Z,1,Uganda,4726
892083,Diogo Calila,diogo-calila,M,Mozambique,4783,4.0,1.0,120,,,132,1,109,0.4,501,175,2.0,1.0,243,False,548061,True,69020,,medium,13424957,1766925000,2025-12-28T12:30:00Z,1,Gabon,4761
1131015,Iyad Mohamed,mohamed-iyad,M,Comoros,23494,4.0,1.0,106,2.0,2.0,102,0,132,0.4,555,169,,5.0,243,False,547707,substitute,68897,,medium,13424946,1766770200,2025-12-26T17:30:00Z,1,Zambia,4720
990862,Lebogang Ditsele,lebogang-ditsele,M,Botswana,4747,4.0,1.0,114,-1.0,-1.0,114,3,67,0.3,387,187,4.0,2.0,243,False,547624,starter,68560,,hard,13424953,1766838600,2025-12-27T12:30:00Z,1,Benin,4744
1218519,Rayan Lutin,rayan-lutin,M,Comoros,23494,4.0,1.0,105,2.0,2.0,99,0,131,0.3,366,188,1.0,1.0,243,False,547704,substitute,68894,,medium,13424946,1766770200,2025-12-26T17:30:00Z,1,Zambia,4720
990641,Nanani Infren,infren-matola,D,Mozambique,4783,4.0,1.0,96,,,109,1,88,0.2,329,178,,,206,False,548067,True,69024,,medium,13424957,1766925000,2025-12-28T12:30:00Z,1,Gabon,4761
1160222,Dorian Hanza,dorian-hanza,F,Equatorial Guinea,8032,4.0,1.0,61,,,63,1,54,0.2,329,108,4.0,1.0,141,False,548153,True,69177,,medium,13424955,1766934000,2025-12-28T15:00:00Z,1,Sudan,4734
1014888,Dickson Job,dickson-job,D,Tanzania,4835,4.0,0.5,103,-1.0,-1.0,99,2,78,0.8,1130,98,2.0,6.0,206,False,548255,substitute,68728,,hard,13424950,1766856600,2025-12-27T17:30:00Z,1,Uganda,4726
1015045,Omaatla Kebatho,omaatla-kebatho,F,Botswana,4747,4.0,0.5,71,0.0,0.0,65,1,63,0.6,773,84,4.0,3.0,141,False,547633,starter,68601,,hard,13424953,1766838600,2025-12-27T12:30:00Z,1,Benin,4744
932969,Segolame Boy,segolame-boy,M,Botswana,4747,4.0,0.5,128,1.0,1.0,116,0,135,0.4,551,170,,,243,False,547619,substitute,68565,,hard,13424953,1766838600,2025-12-27T12:30:00Z,1,Benin,4744
972943,Godknows Murwira,murwira-godknows,D,Zimbabwe,4719,4.0,0.5,108,0.0,0.0,105,1,94,0.2,255,196,,1.0,206,False,547824,substitute,68857,,hard,13424948,1766752200,2025-12-26T12:30:00Z,1,Angola,4692
1832933,Ronald Ssekiganda,ronald-ssekiganda,M,Uganda,4726,4.0,0.5,145,1.0,1.0,145,0,146,0.2,268,212,,,243,False,548102,substitute,68703,,easy,13424950,1766856600,2025-12-27T17:30:00Z,1,Tanzania,4835
1518101,Shandre Campbell,campbell-shandre,M,South Africa,4736,4.0,0.0,220,0.0,0.0,220,0,220,8.2,11295,10,18.0,105.0,243,False,548195,substitute,68851,,medium,13424947,1766761200,2025-12-26T15:00:00Z,1,Egypt,4758
1018018,Mohamed Tougai,mohamed-tougai,D,Algeria,4691,4.0,0.0,175,,,175,0,174,7.1,9687,19,22.0,79.0,206,False,547936,True,69185,,easy,13424954,1766943000,2025-12-28T17:30:00Z,1,Burkina Faso,4749
216560,Kabelo Dambe,kabelo-dambe,G,Botswana,4747,4.0,0.0,65,0.0,0.0,65,0,65,4.4,5998,9,9.0,11.0,76,False,547632,substitute,68568,,hard,13424953,1766838600,2025-12-27T12:30:00Z,1,Benin,4744
1411886,Chicco Molefe,chicco-molefe,D,Botswana,4747,4.0,0.0,179,0.0,0.0,179,0,178,3.2,4423,44,7.0,14.0,206,False,547637,substitute,68573,,hard,13424953,1766838600,2025-12-27T12:30:00Z,1,Benin,4744
2222139,Houssem Teka,houssem-tka,M,Tunisia,4729,4.0,0.0,183,,,183,0,184,2.4,3252,61,8.0,20.0,243,False,547748,True,68676,,medium,13424949,1766865600,2025-12-27T20:00:00Z,1,Nigeria,4785
1655417,Redouane Berkane,redouane-berkane,F,Algeria,4691,4.0,0.0,92,,,92,0,91,2.0,2768,36,6.0,26.0,141,False,547941,True,69207,,easy,13424954,1766943000,2025-12-28T17:30:00Z,1,Burkina Faso,4749
1121943,Matthieu Epolo,matthieu-epolo,G,DR Congo,4823,4.0,0.0,69,0.0,0.0,69,0,69,1.6,2203,16,5.0,6.0,76,False,548186,substitute,68581,,hard,13424951,1766847600,2025-12-27T15:00:00Z,1,Senegal,4739
1545409,Mahamadou Nagida,nagida-mahamadou,D,Cameroon,4751,4.0,0.0,156,,,156,0,155,1.5,2068,78,6.0,13.0,206,False,547879,True,69086,,medium,13424956,1766952000,2025-12-28T20:00:00Z,1,Côte d'Ivoire,4768
825087,Elias Mrugau Maguli,elias-maguri,F,Tanzania,4835,4.0,0.0,98,,,98,0,96,1.5,2085,43,1.0,8.0,141,False,548269,True,68742,,hard,13424950,1766856600,2025-12-27T17:30:00Z,1,Uganda,4726
1090388,David Owori,david-owori,M,Uganda,4726,4.0,0.0,236,,,236,0,236,1.4,1912,90,3.0,10.0,243,False,548107,True,68699,,easy,13424950,1766856600,2025-12-27T17:30:00Z,1,Tanzania,4835
580226,Mory Diaw,mory-diaw,G,Senegal,4739,4.0,0.0,36,0.0,0.0,36,0,36,1.3,1782,19,8.0,6.0,76,False,548019,substitute,68606,,easy,13424951,1766847600,2025-12-27T15:00:00Z,1,DR Congo,4823
2018238,Adem Arous,adem-arous,D,Tunisia,4729,4.0,0.0,177,0.0,0.0,177,0,176,1.2,1597,84,7.0,7.0,206,False,547745,substitute,68669,,medium,13424949,1766865600,2025-12-27T20:00:00Z,1,Nigeria,4785
1822468,Tylon Smith,tylon-smith,D,South Africa,4736,4.0,0.0,198,0.0,0.0,198,0,197,1.1,1570,85,3.0,8.0,206,False,548208,substitute,68833,,medium,13424947,1766761200,2025-12-26T15:00:00Z,1,Egypt,4758
2168748,Shanganani Nganda,shanganani-nganda,D,Botswana,4747,4.0,0.0,122,0.0,0.0,122,0,121,1.1,1542,87,3.0,3.0,206,False,547638,substitute,68563,,hard,13424953,1766838600,2025-12-27T12:30:00Z,1,Benin,4744
827262,Frankie Musonda,frankie-musonda,D,Zambia,4720,4.0,0.0,160,0.0,0.0,160,0,159,1.0,1356,94,,3.0,206,False,548114,substitute,68972,,medium,13424946,1766770200,2025-12-26T17:30:00Z,1,Comoros,23494
933081,Charles Lukwago,charles-lukwago,G,Uganda,4726,4.0,0.0,29,,,29,0,29,1.0,1322,21,1.0,4.0,76,False,548106,True,68691,,easy,13424950,1766856600,2025-12-27T17:30:00Z,1,Tanzania,4835
1169811,Mohamed Kasri,mohamed-kasri,D,Sudan,4734,4.0,0.0,148,,,148,0,147,1.0,1402,93,1.0,8.0,206,False,547666,True,69130,,medium,13424955,1766934000,2025-12-28T15:00:00Z,1,Equatorial Guinea,8032
967309,Bechir Ben Said,bechir-ben-said,G,Tunisia,4729,4.0,0.0,75,0.0,0.0,75,0,75,0.9,1202,26,1.0,8.0,76,False,547741,substitute,68661,,medium,13424949,1766865600,2025-12-27T20:00:00Z,1,Nigeria,4785
2374111,Tadiwa Chakuchichi,tadiwa-chakuchichi,F,Zimbabwe,4719,4.0,0.0,93,0.0,0.0,93,0,92,0.9,1168,66,,5.0,141,False,547832,substitute,68881,,hard,13424948,1766752200,2025-12-26T12:30:00Z,1,Angola,4692
1127661,Godiraone Modingwane,godairone-modingwane,M,Botswana,4747,4.0,0.0,166,0.0,0.0,166,0,167,0.8,1095,134,14.0,6.0,243,False,547636,substitute,68552,,hard,13424953,1766838600,2025-12-27T12:30:00Z,1,Benin,4744
1131009,Mohamed Koné,mohamed-kone,G,Côte d'Ivoire,4768,4.0,0.0,30,,,30,0,30,0.7,989,32,2.0,3.0,76,False,547692,True,69003,,medium,13424956,1766952000,2025-12-28T20:00:00Z,1,Cameroon,4751
2401894,Edouard Sombang,edouard-sombang,G,Cameroon,4751,4.0,0.0,76,,,76,0,76,0.7,977,33,,2.0,76,False,547888,True,69093,,medium,13424956,1766952000,2025-12-28T20:00:00Z,1,Côte d'Ivoire,4768
1397957,Javier Mum,javier-mum,D,Equatorial Guinea,8032,4.0,0.0,136,,,136,0,135,0.7,921,104,3.0,2.0,206,False,548163,True,69163,,medium,13424955,1766934000,2025-12-28T15:00:00Z,1,Sudan,4734
1470073,Tholo Thabang Matuludi,matuludi-tholo-thabang,D,South Africa,4736,4.0,0.0,144,0.0,0.0,144,0,143,0.6,845,106,,7.0,206,False,548214,substitute,68853,,medium,13424947,1766761200,2025-12-26T15:00:00Z,1,Egypt,4758
966059,Ricardo Goss,goss-ricardo,G,South Africa,4736,4.0,0.0,31,0.0,0.0,31,0,31,0.6,762,40,,3.0,76,False,548213,substitute,68830,,medium,13424947,1766761200,2025-12-26T15:00:00Z,1,Egypt,4758
159681,Mohamed Sobhi,mohamed-sobhi,G,Egypt,4758,4.0,0.0,32,,,32,0,32,0.6,839,36,1.0,6.0,76,False,547852,True,68792,,medium,13424947,1766761200,2025-12-26T15:00:00Z,1,South Africa,4736
1103596,Abdul Suleiman,abdul-suleiman,F,Tanzania,4835,4.0,0.0,83,,,83,0,82,0.6,791,83,2.0,7.0,141,False,548257,True,68740,,hard,13424950,1766856600,2025-12-27T17:30:00Z,1,Uganda,4726
1106507,Aamir Abdallah,amar-abdallah,M,Sudan,4734,4.0,0.0,214,,,214,0,214,0.6,800,145,1.0,4.0,243,False,547660,True,69147,,medium,13424955,1766934000,2025-12-28T15:00:00Z,1,Equatorial Guinea,8032
2169870,Oscar Cherene,oscar-cherene,F,Mozambique,4783,4.0,0.0,124,,,124,0,122,0.6,793,82,19.0,5.0,141,False,548077,True,69019,,medium,13424957,1766925000,2025-12-28T12:30:00Z,1,Gabon,4761
785917,Kabaso Chongo,kabaso-chongo,D,Zambia,4720,4.0,0.0,146,0.0,0.0,146,0,145,0.5,724,109,,3.0,206,False,548120,substitute,68962,,medium,13424946,1766770200,2025-12-26T17:30:00Z,1,Comoros,23494
2168691,Idris Mohamed,idris-mohamed,D,Comoros,23494,4.0,0.0,202,0.0,0.0,202,0,201,0.5,699,112,3.0,1.0,206,False,547719,substitute,68903,,medium,13424946,1766770200,2025-12-26T17:30:00Z,1,Zambia,4720
826217,Raouf Mroivili,raouf-mroivili,M,Comoros,23494,4.0,0.0,231,0.0,0.0,231,0,231,0.5,708,153,2.0,4.0,243,False,547718,substitute,68896,,medium,13424946,1766770200,2025-12-26T17:30:00Z,1,Zambia,4720
1387365,Monty Enosa,monty-enosa,M,Botswana,4747,4.0,0.0,185,0.0,0.0,185,0,186,0.5,683,157,2.0,4.0,243,False,547635,substitute,68602,,hard,13424953,1766838600,2025-12-27T12:30:00Z,1,Benin,4744
1007589,Oussama Benbot,oussama-benbot,G,Algeria,4691,4.0,0.0,57,,,57,0,57,0.5,663,47,,6.0,76,False,547940,True,69181,,easy,13424954,1766943000,2025-12-28T17:30:00Z,1,Burkina Faso,4749
990652,Walieldin Khidir,walieldin-khidir,M,Sudan,4734,4.0,0.0,153,,,153,0,154,0.5,633,160,1.0,2.0,243,False,547644,True,69141,,medium,13424955,1766934000,2025-12-28T15:00:00Z,1,Equatorial Guinea,8032
359312,Sabri Ben Hessen,sabri-ben-hessen,G,Tunisia,4729,4.0,0.0,47,,,47,0,47,0.5,703,45,,6.0,76,False,547747,True,68662,,medium,13424949,1766865600,2025-12-27T20:00:00Z,1,Nigeria,4785
2140218,Ahmed Bakari Pipino,ahmed-bakari-pipino,M,Tanzania,4835,4.0,0.0,175,,,175,0,176,0.5,750,147,1.0,2.0,243,False,548267,True,68732,,hard,13424950,1766856600,2025-12-27T17:30:00Z,1,Uganda,4726
1140885,Mehdi Al Harrar,mehdi-harrar,G,Morocco,4778,4.0,0.0,43,0.0,0.0,43,0,43,0.4,546,52,1.0,2.0,76,False,547997,substitute,68953,,veryEasy,13424945,1766779200,2025-12-26T20:00:00Z,1,Mali,4831
858204,Ismael Diawara,ismael-diawara,G,Mali,4831,4.0,0.0,64,0.0,0.0,64,0,64,0.4,505,59,,1.0,76,False,547772,substitute,68913,,veryHard,13424945,1766779200,2025-12-26T20:00:00Z,1,Morocco,4778
875114,Lawrence Mulenga,tresford-lawrence-mulenga,G,Zambia,4720,4.0,0.0,71,0.0,0.0,71,0,71,0.4,481,60,,2.0,76,False,548121,substitute,68968,,medium,13424946,1766770200,2025-12-26T17:30:00Z,1,Comoros,23494
1013956,Noureddine Farhati,noureddine-farhati,G,Tunisia,4729,4.0,0.0,48,0.0,0.0,48,0,48,0.4,534,55,,1.0,76,False,547746,substitute,68663,,medium,13424949,1766865600,2025-12-27T20:00:00Z,1,Nigeria,4785
1501696,Olebogeng Ramotse,olebogeng-ramotse,M,Botswana,4747,4.0,0.0,181,0.0,0.0,181,0,182,0.4,507,174,1.0,3.0,243,False,547634,substitute,68603,,hard,13424953,1766838600,2025-12-27T12:30:00Z,1,Benin,4744
988841,Simon Ngapandouetnbu,ngapandouetnbu-simon,G,Cameroon,4751,4.0,0.0,49,,,49,0,49,0.4,523,57,1.0,2.0,76,False,547877,True,69075,,medium,13424956,1766952000,2025-12-28T20:00:00Z,1,Côte d'Ivoire,4768
51453,Stoppila Sunzu,stoppila-sunzu,D,Zambia,4720,4.0,0.0,185,,,185,0,184,0.4,536,134,,1.0,206,False,548117,True,68971,,medium,13424946,1766770200,2025-12-26T17:30:00Z,1,Comoros,23494
284355,Elio Capradossi,elio-capradossi,D,Uganda,4726,4.0,0.0,147,,,147,0,146,0.4,574,125,,5.0,206,False,548088,True,68693,,easy,13424950,1766856600,2025-12-27T17:30:00Z,1,Tanzania,4835
1469435,John Robia,john-mano,F,Sudan,4734,4.0,0.0,88,,,88,0,87,0.4,492,91,3.0,1.0,141,False,547645,True,69151,,medium,13424955,1766934000,2025-12-28T15:00:00Z,1,Equatorial Guinea,8032
880024,Bakhit Khamis,bakhit-khamis,D,Sudan,4734,4.0,0.0,159,,,159,0,158,0.4,563,127,,2.0,206,False,547648,True,69133,,medium,13424955,1766934000,2025-12-28T15:00:00Z,1,Equatorial Guinea,8032
1007530,Mohamed Abooja,mohamed-abooja,G,Sudan,4734,4.0,0.0,52,,,52,0,52,0.4,513,58,,1.0,76,False,547651,True,69125,,medium,13424955,1766934000,2025-12-28T15:00:00Z,1,Equatorial Guinea,8032
1106364,Ahmed Yousif Tabanja,ahmed-yousif,D,Sudan,4734,4.0,0.0,123,,,123,0,122,0.4,527,138,,1.0,206,False,547661,True,69134,,medium,13424955,1766934000,2025-12-28T15:00:00Z,1,Equatorial Guinea,8032
1138478,Néstor Senra,nestor-senra,D,Equatorial Guinea,8032,4.0,0.0,143,,,143,0,142,0.4,542,130,1.0,1.0,206,False,548156,True,69161,,medium,13424955,1766934000,2025-12-28T15:00:00Z,1,Sudan,4734
2173424,Hussein Masalanga,hussein-masalanga,G,Tanzania,4835,4.0,0.0,51,,,51,0,51,0.4,546,53,,1.0,76,False,548266,True,68744,,hard,13424950,1766856600,2025-12-27T17:30:00Z,1,Uganda,4726
1139221,Manuel Sapunga,manuel-sapunga,G,Equatorial Guinea,8032,4.0,0.0,44,,,44,0,44,0.4,524,56,1.0,1.0,76,False,548157,True,69153,,medium,13424955,1766934000,2025-12-28T15:00:00Z,1,Sudan,4734
2170803,Michael Ngaah,michael-ngaah,D,Equatorial Guinea,8032,4.0,0.0,157,,,157,0,156,0.4,500,146,,,206,False,548162,True,69160,,medium,13424955,1766934000,2025-12-28T15:00:00Z,1,Sudan,4734
51473,Mamadou Samassa,mamadou-samassa,G,Mali,4831,4.0,0.0,74,0.0,0.0,74,0,74,0.3,370,67,,1.0,76,False,547773,substitute,68914,,veryHard,13424945,1766779200,2025-12-26T20:00:00Z,1,Morocco,4778
1607328,Amas Obasogie,amas-obasogie,G,Nigeria,4785,4.0,0.0,37,0.0,0.0,37,0,37,0.3,363,68,,2.0,76,False,547800,substitute,68747,,medium,13424949,1766865600,2025-12-27T20:00:00Z,1,Tunisia,4729
39024,El Fardou Ben,el-fardou-ben,F,Comoros,23494,4.0,0.0,89,0.0,0.0,89,0,88,0.3,440,95,,4.0,141,False,547697,substitute,68888,,medium,13424946,1766770200,2025-12-26T17:30:00Z,1,Zambia,4720
994645,Iddi Selemani,iddy-nado,F,Tanzania,4835,4.0,0.0,75,0.0,0.0,75,0,74,0.3,447,93,2.0,4.0,141,False,548260,substitute,68741,,hard,13424950,1766856600,2025-12-27T17:30:00Z,1,Uganda,4726
2129151,Pascal Phiri,pascal-phiri,F,Zambia,4720,4.0,0.0,103,0.0,0.0,103,0,101,0.3,363,103,1.0,3.0,141,False,548128,substitute,68987,,medium,13424946,1766770200,2025-12-26T17:30:00Z,1,Comoros,23494
2115430,Prosper Padera,prosper-padera,M,Zimbabwe,4719,4.0,0.0,206,0.0,0.0,206,0,207,0.3,361,190,1.0,2.0,243,False,547825,substitute,68870,,hard,13424948,1766752200,2025-12-26T12:30:00Z,1,Angola,4692
787808,Salim Ben Boina,salim-ben-boina,G,Comoros,23494,4.0,0.0,54,0.0,0.0,54,0,54,0.3,354,69,,2.0,76,False,547709,substitute,68906,,medium,13424946,1766770200,2025-12-26T17:30:00Z,1,Zambia,4720
1508483,Francis Mwansa,francis-mwansa,G,Zambia,4720,4.0,0.0,66,0.0,0.0,66,0,66,0.3,443,62,1.0,,76,False,548130,substitute,68969,,medium,13424946,1766770200,2025-12-26T17:30:00Z,1,Comoros,23494
2207384,Charlemagne Azongnitode,azongnitode-charlemagne,D,Benin,4744,4.0,0.0,117,0.0,0.0,117,0,116,0.3,404,157,,3.0,206,False,547969,substitute,68635,,easy,13424953,1766838600,2025-12-27T12:30:00Z,1,Botswana,4747
1484701,Adel Anzimati-Aboudou,adel-anzimati-aboudou,G,Comoros,23494,4.0,0.0,38,0.0,0.0,38,0,38,0.3,461,61,1.0,2.0,76,False,547714,substitute,68882,,medium,13424946,1766770200,2025-12-26T17:30:00Z,1,Zambia,4720
1069701,Martín Mapisa,martin-mapisa,G,Zimbabwe,4719,4.0,0.0,60,0.0,0.0,60,0,60,0.3,346,71,,,76,False,547826,substitute,68856,,hard,13424948,1766752200,2025-12-26T12:30:00Z,1,Angola,4692
907333,Isaac Muleme,isaac-muleme,D,Uganda,4726,4.0,0.0,167,0.0,0.0,167,0,166,0.3,356,171,1.0,1.0,206,False,548104,substitute,68697,,easy,13424950,1766856600,2025-12-27T17:30:00Z,1,Tanzania,4835
990692,Thabo Leinanyane,thabo-leinanyane,D,Botswana,4747,4.0,0.0,190,0.0,0.0,190,0,189,0.3,363,170,2.0,2.0,206,False,547631,substitute,68559,,hard,13424953,1766838600,2025-12-27T12:30:00Z,1,Benin,4744
894793,Edmilson Gabriel Dove,edmilson-gabriel-dove,D,Mozambique,4783,4.0,0.0,112,,,112,0,111,0.3,365,169,,,206,False,548059,True,69025,,medium,13424957,1766925000,2025-12-28T12:30:00Z,1,Gabon,4761
2070129,Musa Ali Hussein,musa-ali-hussein,F,Sudan,4734,4.0,0.0,79,,,79,0,78,0.3,408,98,,5.0,141,False,547647,True,69144,,medium,13424955,1766934000,2025-12-28T15:00:00Z,1,Equatorial Guinea,8032
1104515,Al-Gozoli Nooh,al-gozoli-nooh,M,Sudan,4734,4.0,0.0,225,,,225,0,225,0.3,400,184,,3.0,243,False,547653,True,69142,,medium,13424955,1766934000,2025-12-28T15:00:00Z,1,Equatorial Guinea,8032
2033769,Mick Onfia,mick-onfia,D,Gabon,4761,4.0,0.0,135,,,135,0,134,0.3,374,165,,1.0,206,False,548236,True,69068,,medium,13424957,1766925000,2025-12-28T12:30:00Z,1,Mozambique,4783
1479281,Altayeb Abaker,altayeb-abaker,D,Sudan,4734,4.0,0.0,133,,,133,0,132,0.3,372,168,,2.0,206,False,547657,True,69131,,medium,13424955,1766934000,2025-12-28T15:00:00Z,1,Equatorial Guinea,8032
1605912,Anse Ngoubi Demba,anse-ngoubi-demba,G,Gabon,4761,4.0,0.0,58,,,58,0,58,0.3,397,66,,1.0,76,False,548239,True,69047,,medium,13424957,1766925000,2025-12-28T12:30:00Z,1,Mozambique,4783
1891059,Jonathan Do Marcolino,jonathan-do-marcolino,D,Gabon,4761,4.0,0.0,119,,,119,0,118,0.3,439,151,1.0,5.0,206,False,548240,True,69055,,medium,13424957,1766925000,2025-12-28T12:30:00Z,1,Mozambique,4783
1482839,François Bekale,francois-bekale,G,Gabon,4761,4.0,0.0,72,,,72,0,72,0.3,418,64,1.0,2.0,76,False,548241,True,69046,,medium,13424957,1766925000,2025-12-28T12:30:00Z,1,Mozambique,4783
2208865,Muhamed Tia Asad,muhamed-tia-asad,F,Sudan,4734,4.0,0.0,134,,,134,0,132,0.3,381,101,1.0,4.0,141,False,547663,True,69148,,medium,13424955,1766934000,2025-12-28T15:00:00Z,1,Equatorial Guinea,8032
914248,Jannick Buyla,jannick-buyla,M,Equatorial Guinea,8032,4.0,0.0,205,,,205,0,206,0.3,445,177,2.0,2.0,243,False,548154,True,69164,,medium,13424955,1766934000,2025-12-28T15:00:00Z,1,Sudan,4734
1110782,Melque Alexandre,melque-alexandre,F,Mozambique,4783,4.0,0.0,109,,,109,0,107,0.3,367,102,1.0,4.0,141,False,548075,True,69037,,medium,13424957,1766925000,2025-12-28T12:30:00Z,1,Gabon,4761
1479062,Adebiyi Marcel Serge Obassa,adebiyi-marcel-serge-obassa,G,Benin,4744,4.0,0.0,67,0.0,0.0,67,0,67,0.2,315,72,,,76,False,547964,substitute,68634,,easy,13424953,1766838600,2025-12-27T12:30:00Z,1,Botswana,4747
985953,Rodrigue Fassinou,fassinou-rodrigue,D,Benin,4744,4.0,0.0,132,0.0,0.0,132,0,131,0.2,269,192,1.0,,206,False,547966,substitute,68636,,easy,13424953,1766838600,2025-12-27T12:30:00Z,1,Botswana,4747
1471552,Gift Prosper Mphande,gift-prosper-mphande,D,Zambia,4720,4.0,0.0,120,0.0,0.0,120,0,119,0.2,228,201,,,206,False,548123,substitute,68975,,medium,13424946,1766770200,2025-12-26T17:30:00Z,1,Comoros,23494
1632534,Nickson Clement Kibabage,kibabage-nickson-clement,D,Tanzania,4835,4.0,0.0,163,0.0,0.0,163,0,162,0.2,251,198,,1.0,206,False,548262,substitute,68723,,hard,13424950,1766856600,2025-12-27T17:30:00Z,1,Uganda,4726
1103591,Pascal Msindo,pascal-msindo,D,Tanzania,4835,4.0,0.0,130,0.0,0.0,130,0,129,0.2,207,203,,1.0,206,False,548261,substitute,68726,,hard,13424950,1766856600,2025-12-27T17:30:00Z,1,Uganda,4726
1138796,Lusajo Mwaikenda,lusajo-mwaikenda,D,Tanzania,4835,4.0,0.0,126,0.0,0.0,126,0,125,0.2,257,195,,,206,False,548263,substitute,68721,,hard,13424950,1766856600,2025-12-27T17:30:00Z,1,Uganda,4726
1482922,Rogers Torach,rogers-torach,D,Uganda,4726,4.0,0.0,134,0.0,0.0,134,0,133,0.2,273,191,,,206,False,548095,substitute,68695,,easy,13424950,1766856600,2025-12-27T17:30:00Z,1,Tanzania,4835
1423723,Sean Fusire,sean-fusire,M,Zimbabwe,4719,4.0,0.0,207,0.0,0.0,207,0,208,0.2,285,204,,,243,False,547816,substitute,68859,,hard,13424948,1766752200,2025-12-26T12:30:00Z,1,Angola,4692
2199107,Reagan Mpande,reagan-mpande,F,Uganda,4726,4.0,0.0,81,0.0,0.0,81,0,80,0.2,266,113,,,141,False,548097,substitute,68711,,easy,13424950,1766856600,2025-12-27T17:30:00Z,1,Tanzania,4835
1099589,Legason Nafiani Alionzi,legason-nafiani-alionzi,G,Uganda,4726,4.0,0.0,62,0.0,0.0,62,0,62,0.2,230,75,1.0,1.0,76,False,548099,substitute,68690,,easy,13424950,1766856600,2025-12-27T17:30:00Z,1,Tanzania,4835
1416343,Hilary Mukundane,hilary-mukundane,D,Uganda,4726,4.0,0.0,155,0.0,0.0,155,0,154,0.2,311,186,1.0,2.0,206,False,548100,substitute,68700,,easy,13424950,1766856600,2025-12-27T17:30:00Z,1,Tanzania,4835
990612,Gilbert Baruti,gilbert-baruti,M,Botswana,4747,4.0,0.0,215,0.0,0.0,215,0,215,0.2,295,201,,1.0,243,False,547621,substitute,68561,,hard,13424953,1766838600,2025-12-27T12:30:00Z,1,Benin,4744
2023718,Ivan Ahimbisibwe,ivan-ahimbisibwe,F,Uganda,4726,4.0,0.0,74,0.0,0.0,74,0,73,0.2,215,126,,1.0,141,False,548103,substitute,68716,,easy,13424950,1766856600,2025-12-27T17:30:00Z,1,Tanzania,4835
944008,Thatayaone Kgamanyane,thatayaone-kgamanyane,M,Botswana,4747,4.0,0.0,216,0.0,0.0,216,0,216,0.2,342,193,1.0,,243,False,547626,substitute,68570,,hard,13424953,1766838600,2025-12-27T12:30:00Z,1,Benin,4744
291219,Alec Mudimu,alec-mudimu,D,Zimbabwe,4719,4.0,0.0,116,0.0,0.0,116,0,115,0.2,311,188,,2.0,206,False,547827,substitute,68865,,hard,13424948,1766752200,2025-12-26T12:30:00Z,1,Angola,4692
1881613,Isheanasu Mauchi,isheanasu-mauchi,D,Zimbabwe,4719,4.0,0.0,149,0.0,0.0,149,0,148,0.2,324,183,,1.0,206,False,547828,substitute,68862,,hard,13424948,1766752200,2025-12-26T12:30:00Z,1,Angola,4692
1960008,Shafik Nana Kwikiriza,shafik-nana-kwikiriza,F,Uganda,4726,4.0,0.0,132,0.0,0.0,132,0,130,0.2,212,127,,1.0,141,False,548105,substitute,68717,,easy,13424950,1766856600,2025-12-27T17:30:00Z,1,Tanzania,4835
944371,Junior Zindoga,junior-zindoga,F,Zimbabwe,4719,4.0,0.0,84,0.0,0.0,84,0,83,0.2,251,117,1.0,,141,False,547830,substitute,68880,,hard,13424948,1766752200,2025-12-26T12:30:00Z,1,Angola,4692
880560,Simon Omossola,omossola-medjo,G,Cameroon,4751,4.0,0.0,73,,,73,0,73,0.2,285,73,,,76,False,547883,True,69085,,medium,13424956,1766952000,2025-12-28T20:00:00Z,1,Côte d'Ivoire,4768
1503659,Samaké Nze Bagnama,samake-nze-bagnama,M,Gabon,4761,4.0,0.0,156,,,156,0,157,0.2,336,194,,1.0,243,False,551381,True,69720,,medium,13424957,1766925000,2025-12-28T12:30:00Z,1,Mozambique,4783
892482,Andy Rinomhota,andy-rinomhota,M,Zimbabwe,4719,4.0,0.0,226,,,226,0,226,0.2,343,192,,2.0,243,False,547814,True,68869,,hard,13424948,1766752200,2025-12-26T12:30:00Z,1,Angola,4692
2025049,David Hamansenya,david-hamansenya,D,Zambia,4720,4.0,0.0,171,,,171,0,170,0.2,244,199,,2.0,206,False,548127,True,68977,,medium,13424946,1766770200,2025-12-26T17:30:00Z,1,Comoros,23494
1442184,Sheddy Barglan,sheddy-barglan,D,Sudan,4734,4.0,0.0,187,,,187,0,186,0.2,267,193,,,206,False,547659,True,69135,,medium,13424955,1766934000,2025-12-28T15:00:00Z,1,Equatorial Guinea,8032
1160562,Ivane Urrubal,ivane,G,Mozambique,4783,4.0,0.0,68,,,68,0,68,0.2,280,74,,1.0,76,False,548069,True,69017,,medium,13424957,1766925000,2025-12-28T12:30:00Z,1,Gabon,4761
1103554,Kimiss,kimiss-rabelina-zavala,G,Mozambique,4783,4.0,0.0,63,,,63,0,63,0.2,221,76,1.0,,76,False,548070,True,69018,,medium,13424957,1766925000,2025-12-28T12:30:00Z,1,Gabon,4761
1509176,Fernando Chamboco,fernando-chamboco,D,Mozambique,4783,4.0,0.0,141,,,141,0,140,0.2,319,184,,,206,False,548071,True,69027,,medium,13424957,1766925000,2025-12-28T12:30:00Z,1,Gabon,4761
866166,Timothy Awany,timothy-awany,D,Uganda,4726,4.0,0.0,128,,,128,0,127,0.2,328,181,1.0,2.0,206,False,548101,True,68698,,easy,13424950,1766856600,2025-12-27T17:30:00Z,1,Tanzania,4835
1021134,Mazin Mohamedein,mazin-mohamedein,D,Sudan,4734,4.0,0.0,129,,,129,0,128,0.2,324,182,,,206,False,547664,True,69132,,medium,13424955,1766934000,2025-12-28T15:00:00Z,1,Equatorial Guinea,8032
2359120,Washington Navaya,washington-navaya,F,Zimbabwe,4719,4.0,0.0,95,1.0,1.0,95,-1,138,0.2,250,118,,1.0,141,False,547829,substitute,68878,,hard,13424948,1766752200,2025-12-26T12:30:00Z,1,Angola,4692
1138390,Ishmael Wadi,ishmael-wadi,F,Zimbabwe,4719,4.0,-0.5,137,-1.0,-1.0,137,0,135,0.4,517,89,4.0,3.0,141,False,547831,substitute,68874,,hard,13424948,1766752200,2025-12-26T12:30:00Z,1,Angola,4692
1605682,Thabo Maponda,thabo-maponda,F,Botswana,4747,4.0,-0.5,138,0.0,0.0,138,-1,139,0.3,405,100,,3.0,141,False,547622,substitute,68572,,hard,13424953,1766838600,2025-12-27T12:30:00Z,1,Benin,4744
1416384,Charles Ondo,ondo-charles,D,Equatorial Guinea,8032,4.0,-2.0,205,,,205,-2,205,0.5,632,119,1.0,1.0,206,False,548159,True,69162,,medium,13424955,1766934000,2025-12-28T15:00:00Z,1,Sudan,4734
990898,Salaheldin Adil,salaheldin-adil,M,Sudan,4734,4.0,-4.0,243,,,243,-4,243,0.4,572,167,,4.0,243,False,547649,True,69138,,medium,13424955,1766934000,2025-12-28T15:00:00Z,1,Equatorial Guinea,8032
